#
# There is insufficient memory for the Java Runtime Environment to continue.
# Native memory allocation (mmap) failed to map 513802240 bytes. Error detail: G1 virtual space
# Possible reasons:
#   The system is out of physical RAM or swap space
#   This process is running with CompressedOops enabled, and the Java Heap may be blocking the growth of the native heap
# Possible solutions:
#   Reduce memory load on the system
#   Increase physical memory or swap space
#   Check if swap backing store is full
#   Decrease Java heap size (-Xmx/-Xms)
#   Decrease number of Java threads
#   Decrease Java thread stack sizes (-Xss)
#   Set larger code cache with -XX:ReservedCodeCacheSize=
#   JVM is running with Zero Based Compressed Oops mode in which the Java heap is
#     placed in the first 32GB address space. The Java Heap base address is the
#     maximum limit for the native heap growth. Please use -XX:HeapBaseMinAddress
#     to set the Java Heap base and to place the Java Heap above 32GB virtual address.
# This output file may be truncated or incomplete.
#
#  Out of Memory Error (os_windows.cpp:3925), pid=17604, tid=19588
#
# JRE version: OpenJDK Runtime Environment (21.0.9) (build 21.0.9+-14649483-b1163.86)
# Java VM: OpenJDK 64-Bit Server VM (21.0.9+-14649483-b1163.86, mixed mode, tiered, compressed oops, compressed class ptrs, g1 gc, windows-amd64)
# No core dump will be written. Minidumps are not enabled by default on client versions of Windows
#

---------------  S U M M A R Y ------------

Command Line: --add-opens=java.base/java.util=ALL-UNNAMED --add-opens=java.base/java.lang=ALL-UNNAMED --add-opens=java.base/java.lang.invoke=ALL-UNNAMED --add-opens=java.prefs/java.util.prefs=ALL-UNNAMED --add-exports=jdk.compiler/com.sun.tools.javac.api=ALL-UNNAMED --add-exports=jdk.compiler/com.sun.tools.javac.util=ALL-UNNAMED --add-opens=java.base/java.nio.charset=ALL-UNNAMED --add-opens=java.base/java.net=ALL-UNNAMED --add-opens=java.base/java.util.concurrent.atomic=ALL-UNNAMED -Xmx4096M -Dfile.encoding=UTF-8 -Duser.country=ID -Duser.language=en -Duser.variant -javaagent:C:\Users\LENOVO\.gradle\wrapper\dists\gradle-8.10.2-all\7iv73wktx1xtkvlq19urqw1wm\gradle-8.10.2\lib\agents\gradle-instrumentation-agent-8.10.2.jar org.gradle.launcher.daemon.bootstrap.GradleDaemon 8.10.2

Host: AMD Ryzen 5 7520U with Radeon Graphics         , 8 cores, 5G,  Windows 11 , 64 bit Build 26100 (10.0.26100.8246)
Time: Fri May  1 16:04:54 2026 SE Asia Standard Time elapsed time: 266.791918 seconds (0d 0h 4m 26s)

---------------  T H R E A D  ---------------

Current thread (0x000001cc9f16e9d0):  VMThread "VM Thread"          [id=19588, stack(0x000000605f200000,0x000000605f300000) (1024K)]

Stack: [0x000000605f200000,0x000000605f300000]
Native frames: (J=compiled Java code, j=interpreted, Vv=VM code, C=native code)
V  [jvm.dll+0x6d6c99]
V  [jvm.dll+0x866b83]
V  [jvm.dll+0x86919e]
V  [jvm.dll+0x869883]
V  [jvm.dll+0x280776]
V  [jvm.dll+0x6d3555]
V  [jvm.dll+0x6c6bea]
V  [jvm.dll+0x3587fb]
V  [jvm.dll+0x360476]
V  [jvm.dll+0x3b2646]
V  [jvm.dll+0x3b2918]
V  [jvm.dll+0x32af0c]
V  [jvm.dll+0x32af97]
V  [jvm.dll+0x370e7c]
V  [jvm.dll+0x36f62e]
V  [jvm.dll+0x32a661]
V  [jvm.dll+0x36ed30]
V  [jvm.dll+0x86f608]
V  [jvm.dll+0x870984]
V  [jvm.dll+0x870ec0]
V  [jvm.dll+0x871153]
V  [jvm.dll+0x80f118]
V  [jvm.dll+0x6d54ed]
C  [ucrtbase.dll+0x37b0]
C  [KERNEL32.DLL+0x2e8d7]
C  [ntdll.dll+0x8c3fc]

VM_Operation (0x00000060659fb160): G1CollectForAllocation, mode: safepoint, requested by thread 0x000001cca613f6a0


---------------  P R O C E S S  ---------------

Threads class SMR info:
_java_thread_list=0x000001cca84689e0, length=98, elements={
0x000001cc854a5980, 0x000001cc9f526c20, 0x000001cc9f552550, 0x000001cc9f568ee0,
0x000001cc9f57acb0, 0x000001cc9f57c280, 0x000001cc9f5810f0, 0x000001cc9f5826c0,
0x000001cc9f5b18e0, 0x000001cc9f5b2b00, 0x000001cc9f899570, 0x000001cca4220040,
0x000001cca4e1e260, 0x000001cca4fe44c0, 0x000001cca40477e0, 0x000001cca5acaf50,
0x000001cca5075080, 0x000001cca40d29b0, 0x000001cca41ad050, 0x000001cca41ac330,
0x000001cca41add70, 0x000001cca41aea90, 0x000001cca41af120, 0x000001cca41af7b0,
0x000001cca41ad6e0, 0x000001cca41ae400, 0x000001cca717c6f0, 0x000001cca717ee50,
0x000001cca717c060, 0x000001cca717d410, 0x000001cca7180200, 0x000001cca717daa0,
0x000001cca717f4e0, 0x000001cca717fb70, 0x000001cca717e130, 0x000001cca717e7c0,
0x000001cca717cd80, 0x000001cca71822d0, 0x000001cca7180890, 0x000001cca7180f20,
0x000001cca7182960, 0x000001cca7182ff0, 0x000001cca7183680, 0x000001cca6f88620,
0x000001cca6f88cb0, 0x000001cca6f8a060, 0x000001cca6f899d0, 0x000001cca6f8ad80,
0x000001cca6f89340, 0x000001cca6f8a6f0, 0x000001cca6f87900, 0x000001cca6f8d4e0,
0x000001cca6f8b410, 0x000001cca6f8baa0, 0x000001cca6f8ce50, 0x000001cca6f8db70,
0x000001cca6f8c7c0, 0x000001cca6f8e890, 0x000001cca6285420, 0x000001cca6282cc0,
0x000001cca6286140, 0x000001cca62839e0, 0x000001cca6981ac0, 0x000001cca69827e0,
0x000001cca697f9f0, 0x000001cca6981430, 0x000001cca6982150, 0x000001cca6982e70,
0x000001cca6980080, 0x000001cca69862f0, 0x000001cca6986980, 0x000001cca7332380,
0x000001cca732ef00, 0x000001cca732fc20, 0x000001cca73302b0, 0x000001cca7332a10,
0x000001cca732f590, 0x000001cca7333730, 0x000001cca7330940, 0x000001cca7333dc0,
0x000001cca73330a0, 0x000001cca7334450, 0x000001cca7335e90, 0x000001cca7335800,
0x000001cca7334ae0, 0x000001cca7335170, 0x000001cca7336520, 0x000001cca613a7e0,
0x000001cca613a150, 0x000001cca613ae70, 0x000001cca613b500, 0x000001cca613bb90,
0x000001cca6138da0, 0x000001cca6139430, 0x000001cca6139ac0, 0x000001cca6138710,
0x000001cca613e980, 0x000001cca613f6a0
}

Java Threads: ( => current thread )
  0x000001cc854a5980 JavaThread "main"                              [_thread_blocked, id=10244, stack(0x000000605eb00000,0x000000605ec00000) (1024K)]
  0x000001cc9f526c20 JavaThread "Common-Cleaner"             daemon [_thread_blocked, id=8400, stack(0x000000605f300000,0x000000605f400000) (1024K)]
  0x000001cc9f552550 JavaThread "Reference Handler"          daemon [_thread_blocked, id=15652, stack(0x000000605f400000,0x000000605f500000) (1024K)]
  0x000001cc9f568ee0 JavaThread "Finalizer"                  daemon [_thread_blocked, id=22428, stack(0x000000605f500000,0x000000605f600000) (1024K)]
  0x000001cc9f57acb0 JavaThread "Signal Dispatcher"          daemon [_thread_blocked, id=4716, stack(0x000000605f600000,0x000000605f700000) (1024K)]
  0x000001cc9f57c280 JavaThread "Attach Listener"            daemon [_thread_blocked, id=21784, stack(0x000000605f700000,0x000000605f800000) (1024K)]
  0x000001cc9f5810f0 JavaThread "Service Thread"             daemon [_thread_blocked, id=22152, stack(0x000000605f800000,0x000000605f900000) (1024K)]
  0x000001cc9f5826c0 JavaThread "Monitor Deflation Thread"   daemon [_thread_blocked, id=6104, stack(0x000000605f900000,0x000000605fa00000) (1024K)]
  0x000001cc9f5b18e0 JavaThread "C2 CompilerThread0"         daemon [_thread_blocked, id=20296, stack(0x000000605fa00000,0x000000605fb00000) (1024K)]
  0x000001cc9f5b2b00 JavaThread "C1 CompilerThread0"         daemon [_thread_blocked, id=9432, stack(0x000000605fb00000,0x000000605fc00000) (1024K)]
  0x000001cc9f899570 JavaThread "Notification Thread"        daemon [_thread_blocked, id=10788, stack(0x000000605fc00000,0x000000605fd00000) (1024K)]
  0x000001cca4220040 JavaThread "Daemon health stats"               [_thread_blocked, id=3060, stack(0x0000006060100000,0x0000006060200000) (1024K)]
  0x000001cca4e1e260 JavaThread "Incoming local TCP Connector on port 52826"        [_thread_in_native, id=19988, stack(0x0000006060500000,0x0000006060600000) (1024K)]
  0x000001cca4fe44c0 JavaThread "Daemon periodic checks"            [_thread_blocked, id=18728, stack(0x0000006060600000,0x0000006060700000) (1024K)]
  0x000001cca40477e0 JavaThread "Daemon"                            [_thread_blocked, id=21864, stack(0x0000006060700000,0x0000006060800000) (1024K)]
  0x000001cca5acaf50 JavaThread "Handler for socket connection from /127.0.0.1:52826 to /127.0.0.1:52827"        [_thread_in_native, id=2860, stack(0x0000006060800000,0x0000006060900000) (1024K)]
  0x000001cca5075080 JavaThread "Cancel handler"                    [_thread_blocked, id=22336, stack(0x0000006060900000,0x0000006060a00000) (1024K)]
  0x000001cca40d29b0 JavaThread "Daemon worker"                     [_thread_blocked, id=11200, stack(0x0000006060b00000,0x0000006060c00000) (1024K)]
  0x000001cca41ad050 JavaThread "Asynchronous log dispatcher for DefaultDaemonConnection: socket connection from /127.0.0.1:52826 to /127.0.0.1:52827"        [_thread_blocked, id=9980, stack(0x0000006060c00000,0x0000006060d00000) (1024K)]
  0x000001cca41ac330 JavaThread "Stdin handler"                     [_thread_blocked, id=19676, stack(0x0000006060d00000,0x0000006060e00000) (1024K)]
  0x000001cca41add70 JavaThread "Daemon client event forwarder"        [_thread_blocked, id=1124, stack(0x0000006060e00000,0x0000006060f00000) (1024K)]
  0x000001cca41aea90 JavaThread "Cache worker for journal cache (C:\Users\LENOVO\.gradle\caches\journal-1)"        [_thread_blocked, id=11148, stack(0x0000006060f00000,0x0000006061000000) (1024K)]
  0x000001cca41af120 JavaThread "File lock request listener"        [_thread_in_native, id=4132, stack(0x0000006061000000,0x0000006061100000) (1024K)]
  0x000001cca41af7b0 JavaThread "Cache worker for file hash cache (C:\Users\LENOVO\.gradle\caches\8.10.2\fileHashes)"        [_thread_blocked, id=556, stack(0x0000006061100000,0x0000006061200000) (1024K)]
  0x000001cca41ad6e0 JavaThread "Cache worker for file hash cache (C:\Users\LENOVO\Downloads\Tugas 6_PAM RA\Tugas 6_PAM RA\.gradle\8.10.2\fileHashes)"        [_thread_blocked, id=21816, stack(0x0000006061300000,0x0000006061400000) (1024K)]
  0x000001cca41ae400 JavaThread "Cache worker for Build Output Cleanup Cache (C:\Users\LENOVO\Downloads\Tugas 6_PAM RA\Tugas 6_PAM RA\.gradle\buildOutputCleanup)"        [_thread_blocked, id=20816, stack(0x0000006061400000,0x0000006061500000) (1024K)]
  0x000001cca717c6f0 JavaThread "File watcher server"        daemon [_thread_blocked, id=7844, stack(0x0000006061500000,0x0000006061600000) (1024K)]
  0x000001cca717ee50 JavaThread "File watcher consumer"      daemon [_thread_blocked, id=144, stack(0x0000006061600000,0x0000006061700000) (1024K)]
  0x000001cca717c060 JavaThread "jar transforms"                    [_thread_blocked, id=18772, stack(0x0000006061200000,0x0000006061300000) (1024K)]
  0x000001cca717d410 JavaThread "jar transforms Thread 2"           [_thread_blocked, id=10348, stack(0x0000006061700000,0x0000006061800000) (1024K)]
  0x000001cca7180200 JavaThread "jar transforms Thread 3"           [_thread_blocked, id=13276, stack(0x0000006061800000,0x0000006061900000) (1024K)]
  0x000001cca717daa0 JavaThread "jar transforms Thread 4"           [_thread_blocked, id=7432, stack(0x0000006061900000,0x0000006061a00000) (1024K)]
  0x000001cca717f4e0 JavaThread "jar transforms Thread 5"           [_thread_blocked, id=14056, stack(0x0000006061a00000,0x0000006061b00000) (1024K)]
  0x000001cca717fb70 JavaThread "jar transforms Thread 6"           [_thread_blocked, id=21008, stack(0x0000006061b00000,0x0000006061c00000) (1024K)]
  0x000001cca717e130 JavaThread "jar transforms Thread 7"           [_thread_blocked, id=10652, stack(0x0000006061c00000,0x0000006061d00000) (1024K)]
  0x000001cca717e7c0 JavaThread "jar transforms Thread 8"           [_thread_blocked, id=3004, stack(0x0000006061d00000,0x0000006061e00000) (1024K)]
  0x000001cca717cd80 JavaThread "Cache worker for checksums cache (C:\Users\LENOVO\Downloads\Tugas 6_PAM RA\Tugas 6_PAM RA\.gradle\8.10.2\checksums)"        [_thread_blocked, id=18576, stack(0x0000006061e00000,0x0000006061f00000) (1024K)]
  0x000001cca71822d0 JavaThread "Cache worker for file content cache (C:\Users\LENOVO\.gradle\caches\8.10.2\fileContent)"        [_thread_blocked, id=15768, stack(0x0000006061f00000,0x0000006062000000) (1024K)]
  0x000001cca7180890 JavaThread "Cache worker for cache directory md-rule (C:\Users\LENOVO\.gradle\caches\8.10.2\md-rule)"        [_thread_blocked, id=1112, stack(0x0000006062000000,0x0000006062100000) (1024K)]
  0x000001cca7180f20 JavaThread "Cache worker for cache directory md-supplier (C:\Users\LENOVO\.gradle\caches\8.10.2\md-supplier)"        [_thread_blocked, id=20976, stack(0x0000006062100000,0x0000006062200000) (1024K)]
  0x000001cca7182960 JavaThread "Unconstrained build operations"        [_thread_blocked, id=20144, stack(0x0000006062200000,0x0000006062300000) (1024K)]
  0x000001cca7182ff0 JavaThread "Unconstrained build operations Thread 2"        [_thread_blocked, id=13608, stack(0x0000006062300000,0x0000006062400000) (1024K)]
  0x000001cca7183680 JavaThread "Unconstrained build operations Thread 3"        [_thread_blocked, id=19380, stack(0x0000006062400000,0x0000006062500000) (1024K)]
  0x000001cca6f88620 JavaThread "Unconstrained build operations Thread 4"        [_thread_blocked, id=13268, stack(0x0000006062500000,0x0000006062600000) (1024K)]
  0x000001cca6f88cb0 JavaThread "Unconstrained build operations Thread 5"        [_thread_blocked, id=14848, stack(0x0000006062700000,0x0000006062800000) (1024K)]
  0x000001cca6f8a060 JavaThread "Unconstrained build operations Thread 6"        [_thread_blocked, id=3520, stack(0x0000006062800000,0x0000006062900000) (1024K)]
  0x000001cca6f899d0 JavaThread "Unconstrained build operations Thread 7"        [_thread_blocked, id=20724, stack(0x0000006062900000,0x0000006062a00000) (1024K)]
  0x000001cca6f8ad80 JavaThread "Unconstrained build operations Thread 8"        [_thread_blocked, id=16056, stack(0x0000006062a00000,0x0000006062b00000) (1024K)]
  0x000001cca6f89340 JavaThread "Unconstrained build operations Thread 9"        [_thread_blocked, id=19524, stack(0x0000006062b00000,0x0000006062c00000) (1024K)]
  0x000001cca6f8a6f0 JavaThread "Unconstrained build operations Thread 10"        [_thread_blocked, id=21556, stack(0x0000006062c00000,0x0000006062d00000) (1024K)]
  0x000001cca6f87900 JavaThread "Unconstrained build operations Thread 11"        [_thread_blocked, id=9360, stack(0x0000006062d00000,0x0000006062e00000) (1024K)]
  0x000001cca6f8d4e0 JavaThread "Unconstrained build operations Thread 12"        [_thread_blocked, id=21004, stack(0x0000006062e00000,0x0000006062f00000) (1024K)]
  0x000001cca6f8b410 JavaThread "Unconstrained build operations Thread 13"        [_thread_blocked, id=18572, stack(0x0000006062f00000,0x0000006063000000) (1024K)]
  0x000001cca6f8baa0 JavaThread "Unconstrained build operations Thread 14"        [_thread_blocked, id=2996, stack(0x0000006063000000,0x0000006063100000) (1024K)]
  0x000001cca6f8ce50 JavaThread "Unconstrained build operations Thread 15"        [_thread_blocked, id=8680, stack(0x0000006063100000,0x0000006063200000) (1024K)]
  0x000001cca6f8db70 JavaThread "Unconstrained build operations Thread 16"        [_thread_blocked, id=13580, stack(0x0000006063200000,0x0000006063300000) (1024K)]
  0x000001cca6f8c7c0 JavaThread "Unconstrained build operations Thread 17"        [_thread_blocked, id=22088, stack(0x0000006063300000,0x0000006063400000) (1024K)]
  0x000001cca6f8e890 JavaThread "Unconstrained build operations Thread 18"        [_thread_blocked, id=8804, stack(0x0000006063400000,0x0000006063500000) (1024K)]
  0x000001cca6285420 JavaThread "Unconstrained build operations Thread 19"        [_thread_blocked, id=2560, stack(0x000000605ea00000,0x000000605eb00000) (1024K)]
  0x000001cca6282cc0 JavaThread "Unconstrained build operations Thread 20"        [_thread_blocked, id=10692, stack(0x0000006062600000,0x0000006062700000) (1024K)]
  0x000001cca6286140 JavaThread "Unconstrained build operations Thread 21"        [_thread_blocked, id=14964, stack(0x0000006063700000,0x0000006063800000) (1024K)]
  0x000001cca62839e0 JavaThread "Kotlin DSL Writer"                 [_thread_blocked, id=22112, stack(0x0000006063500000,0x0000006063600000) (1024K)]
  0x000001cca6981ac0 JavaThread "Unconstrained build operations Thread 22"        [_thread_blocked, id=19520, stack(0x000000605e800000,0x000000605e900000) (1024K)]
  0x000001cca69827e0 JavaThread "Unconstrained build operations Thread 23"        [_thread_blocked, id=18504, stack(0x0000006063900000,0x0000006063a00000) (1024K)]
  0x000001cca697f9f0 JavaThread "Unconstrained build operations Thread 24"        [_thread_blocked, id=18908, stack(0x0000006063a00000,0x0000006063b00000) (1024K)]
  0x000001cca6981430 JavaThread "Unconstrained build operations Thread 25"        [_thread_blocked, id=19580, stack(0x0000006063b00000,0x0000006063c00000) (1024K)]
  0x000001cca6982150 JavaThread "Unconstrained build operations Thread 26"        [_thread_blocked, id=21236, stack(0x0000006063c00000,0x0000006063d00000) (1024K)]
  0x000001cca6982e70 JavaThread "Unconstrained build operations Thread 27"        [_thread_blocked, id=16408, stack(0x0000006063d00000,0x0000006063e00000) (1024K)]
  0x000001cca6980080 JavaThread "Unconstrained build operations Thread 28"        [_thread_blocked, id=20328, stack(0x0000006063e00000,0x0000006063f00000) (1024K)]
  0x000001cca69862f0 JavaThread "Unconstrained build operations Thread 29"        [_thread_blocked, id=9328, stack(0x0000006063600000,0x0000006063700000) (1024K)]
  0x000001cca6986980 JavaThread "Unconstrained build operations Thread 30"        [_thread_blocked, id=22176, stack(0x0000006063800000,0x0000006063900000) (1024K)]
  0x000001cca7332380 JavaThread "Unconstrained build operations Thread 31"        [_thread_blocked, id=10740, stack(0x0000006063f00000,0x0000006064000000) (1024K)]
  0x000001cca732ef00 JavaThread "Unconstrained build operations Thread 32"        [_thread_blocked, id=11036, stack(0x0000006064000000,0x0000006064100000) (1024K)]
  0x000001cca732fc20 JavaThread "Unconstrained build operations Thread 33"        [_thread_blocked, id=18336, stack(0x0000006064100000,0x0000006064200000) (1024K)]
  0x000001cca73302b0 JavaThread "Unconstrained build operations Thread 34"        [_thread_blocked, id=13356, stack(0x0000006064200000,0x0000006064300000) (1024K)]
  0x000001cca7332a10 JavaThread "Unconstrained build operations Thread 35"        [_thread_blocked, id=18044, stack(0x0000006064300000,0x0000006064400000) (1024K)]
  0x000001cca732f590 JavaThread "Unconstrained build operations Thread 36"        [_thread_blocked, id=21744, stack(0x0000006064400000,0x0000006064500000) (1024K)]
  0x000001cca7333730 JavaThread "Unconstrained build operations Thread 37"        [_thread_blocked, id=14352, stack(0x0000006064500000,0x0000006064600000) (1024K)]
  0x000001cca7330940 JavaThread "Unconstrained build operations Thread 38"        [_thread_blocked, id=19496, stack(0x0000006064600000,0x0000006064700000) (1024K)]
  0x000001cca7333dc0 JavaThread "Unconstrained build operations Thread 39"        [_thread_blocked, id=12640, stack(0x0000006064700000,0x0000006064800000) (1024K)]
  0x000001cca73330a0 JavaThread "Unconstrained build operations Thread 40"        [_thread_blocked, id=5284, stack(0x0000006064800000,0x0000006064900000) (1024K)]
  0x000001cca7334450 JavaThread "Unconstrained build operations Thread 41"        [_thread_blocked, id=21868, stack(0x0000006064900000,0x0000006064a00000) (1024K)]
  0x000001cca7335e90 JavaThread "Unconstrained build operations Thread 42"        [_thread_blocked, id=7624, stack(0x0000006064a00000,0x0000006064b00000) (1024K)]
  0x000001cca7335800 JavaThread "Unconstrained build operations Thread 43"        [_thread_blocked, id=20776, stack(0x0000006064b00000,0x0000006064c00000) (1024K)]
  0x000001cca7334ae0 JavaThread "Unconstrained build operations Thread 44"        [_thread_blocked, id=22400, stack(0x0000006064c00000,0x0000006064d00000) (1024K)]
  0x000001cca7335170 JavaThread "Unconstrained build operations Thread 45"        [_thread_blocked, id=15700, stack(0x0000006064d00000,0x0000006064e00000) (1024K)]
  0x000001cca7336520 JavaThread "Unconstrained build operations Thread 46"        [_thread_blocked, id=21360, stack(0x0000006064e00000,0x0000006064f00000) (1024K)]
  0x000001cca613a7e0 JavaThread "Unconstrained build operations Thread 47"        [_thread_blocked, id=13308, stack(0x0000006064f00000,0x0000006065000000) (1024K)]
  0x000001cca613a150 JavaThread "Unconstrained build operations Thread 48"        [_thread_blocked, id=2464, stack(0x0000006065000000,0x0000006065100000) (1024K)]
  0x000001cca613ae70 JavaThread "Unconstrained build operations Thread 49"        [_thread_blocked, id=11468, stack(0x0000006065100000,0x0000006065200000) (1024K)]
  0x000001cca613b500 JavaThread "Unconstrained build operations Thread 50"        [_thread_blocked, id=1996, stack(0x0000006065200000,0x0000006065300000) (1024K)]
  0x000001cca613bb90 JavaThread "Unconstrained build operations Thread 51"        [_thread_blocked, id=8808, stack(0x0000006065300000,0x0000006065400000) (1024K)]
  0x000001cca6138da0 JavaThread "Unconstrained build operations Thread 52"        [_thread_blocked, id=7440, stack(0x0000006065400000,0x0000006065500000) (1024K)]
  0x000001cca6139430 JavaThread "Unconstrained build operations Thread 53"        [_thread_blocked, id=20408, stack(0x0000006065500000,0x0000006065600000) (1024K)]
  0x000001cca6139ac0 JavaThread "Unconstrained build operations Thread 54"        [_thread_blocked, id=10764, stack(0x0000006065600000,0x0000006065700000) (1024K)]
  0x000001cca6138710 JavaThread "Unconstrained build operations Thread 55"        [_thread_blocked, id=16252, stack(0x0000006065700000,0x0000006065800000) (1024K)]
  0x000001cca613e980 JavaThread "Unconstrained build operations Thread 56"        [_thread_blocked, id=21952, stack(0x0000006065800000,0x0000006065900000) (1024K)]
  0x000001cca613f6a0 JavaThread "Unconstrained build operations Thread 57"        [_thread_blocked, id=16084, stack(0x0000006065900000,0x0000006065a00000) (1024K)]
Total: 98

Other Threads:
=>0x000001cc9f16e9d0 VMThread "VM Thread"                           [id=19588, stack(0x000000605f200000,0x000000605f300000) (1024K)]
  0x000001cc9f11e7d0 WatcherThread "VM Periodic Task Thread"        [id=19040, stack(0x000000605f100000,0x000000605f200000) (1024K)]
  0x000001cc85510980 WorkerThread "GC Thread#0"                     [id=16316, stack(0x000000605ec00000,0x000000605ed00000) (1024K)]
  0x000001cca44af430 WorkerThread "GC Thread#1"                     [id=17960, stack(0x000000605fd00000,0x000000605fe00000) (1024K)]
  0x000001cca423c400 WorkerThread "GC Thread#2"                     [id=6352, stack(0x000000605fe00000,0x000000605ff00000) (1024K)]
  0x000001cca43aedf0 WorkerThread "GC Thread#3"                     [id=14256, stack(0x000000605ff00000,0x0000006060000000) (1024K)]
  0x000001cca4d2c2f0 WorkerThread "GC Thread#4"                     [id=12632, stack(0x0000006060000000,0x0000006060100000) (1024K)]
  0x000001cca40dfaf0 WorkerThread "GC Thread#5"                     [id=5944, stack(0x0000006060200000,0x0000006060300000) (1024K)]
  0x000001cca5457180 WorkerThread "GC Thread#6"                     [id=18868, stack(0x0000006060300000,0x0000006060400000) (1024K)]
  0x000001cca50aead0 WorkerThread "GC Thread#7"                     [id=9740, stack(0x0000006060400000,0x0000006060500000) (1024K)]
  0x000001cc85524230 ConcurrentGCThread "G1 Main Marker"            [id=22404, stack(0x000000605ed00000,0x000000605ee00000) (1024K)]
  0x000001cc85524c40 WorkerThread "G1 Conc#0"                       [id=6712, stack(0x000000605ee00000,0x000000605ef00000) (1024K)]
  0x000001cca50af5b0 WorkerThread "G1 Conc#1"                       [id=21928, stack(0x0000006060a00000,0x0000006060b00000) (1024K)]
  0x000001cc9efec6d0 ConcurrentGCThread "G1 Refine#0"               [id=21932, stack(0x000000605ef00000,0x000000605f000000) (1024K)]
  0x000001cc9efed150 ConcurrentGCThread "G1 Service"                [id=17840, stack(0x000000605f000000,0x000000605f100000) (1024K)]
Total: 15

Threads with active compile tasks:
C2 CompilerThread0  266870 24746       4       org.gradle.internal.snapshot.ChildMap$Entry::handleAncestorDescendantOrExactMatch (110 bytes)
Total: 1

VM state: at safepoint (normal execution)

VM Mutex/Monitor currently owned by a thread:  ([mutex/lock_event])
[0x00007ff846528690] Threads_lock - owner thread: 0x000001cc9f16e9d0
[0x00007ff846528790] Heap_lock - owner thread: 0x000001cca613f6a0

Heap address: 0x0000000700000000, size: 4096 MB, Compressed Oops mode: Zero based, Oop shift amount: 3

CDS archive(s) not mapped
Compressed class space mapped at: 0x0000000800000000-0x0000000840000000, reserved size: 1073741824
Narrow klass base: 0x0000000800000000, Narrow klass shift: 0, Narrow klass range: 0x40000000

GC Precious Log:
 CardTable entry size: 512
 Card Set container configuration: InlinePtr #cards 4 size 8 Array Of Cards #cards 16 size 48 Howl #buckets 8 coarsen threshold 3686 Howl Bitmap #cards 512 size 80 coarsen threshold 460 Card regions per heap region 1 cards per card region 4096
 CPUs: 8 total, 8 available
 Memory: 5877M
 Large Page Support: Disabled
 NUMA Support: Disabled
 Compressed Oops: Enabled (Zero based)
 Heap Region Size: 2M
 Heap Min Capacity: 8M
 Heap Initial Capacity: 92M
 Heap Max Capacity: 4G
 Pre-touch: Disabled
 Parallel Workers: 8
 Concurrent Workers: 2
 Concurrent Refinement Workers: 8
 Periodic GC: Disabled

Heap:
 garbage-first heap   total 489472K, used 176314K [0x0000000700000000, 0x0000000800000000)
  region size 2048K, 7 young (14336K), 7 survivors (14336K)
 Metaspace       used 168097K, committed 170368K, reserved 1245184K
  class space    used 21622K, committed 22720K, reserved 1048576K

Heap Regions: E=young(eden), S=young(survivor), O=old, HS=humongous(starts), HC=humongous(continues), CS=collection set, F=free, TAMS=top-at-mark-start, PB=parsable bottom
|   0|0x0000000700000000, 0x0000000700200000, 0x0000000700200000|100%|HS|  |TAMS 0x0000000700000000| PB 0x0000000700000000| Complete 
|   1|0x0000000700200000, 0x0000000700400000, 0x0000000700400000|100%|HC|  |TAMS 0x0000000700200000| PB 0x0000000700200000| Complete 
|   2|0x0000000700400000, 0x0000000700600000, 0x0000000700600000|100%| O|  |TAMS 0x0000000700400000| PB 0x0000000700400000| Untracked 
|   3|0x0000000700600000, 0x0000000700800000, 0x0000000700800000|100%| O|  |TAMS 0x0000000700600000| PB 0x0000000700600000| Untracked 
|   4|0x0000000700800000, 0x0000000700a00000, 0x0000000700a00000|100%| O|  |TAMS 0x0000000700800000| PB 0x0000000700800000| Untracked 
|   5|0x0000000700a00000, 0x0000000700c00000, 0x0000000700c00000|100%| O|  |TAMS 0x0000000700a00000| PB 0x0000000700a00000| Untracked 
|   6|0x0000000700c00000, 0x0000000700e00000, 0x0000000700e00000|100%| O|  |TAMS 0x0000000700c00000| PB 0x0000000700c00000| Untracked 
|   7|0x0000000700e00000, 0x0000000701000000, 0x0000000701000000|100%| O|  |TAMS 0x0000000700e00000| PB 0x0000000700e00000| Untracked 
|   8|0x0000000701000000, 0x0000000701200000, 0x0000000701200000|100%| O|  |TAMS 0x0000000701000000| PB 0x0000000701000000| Untracked 
|   9|0x0000000701200000, 0x0000000701400000, 0x0000000701400000|100%|HS|  |TAMS 0x0000000701200000| PB 0x0000000701200000| Complete 
|  10|0x0000000701400000, 0x0000000701600000, 0x0000000701600000|100%| O|  |TAMS 0x0000000701400000| PB 0x0000000701400000| Untracked 
|  11|0x0000000701600000, 0x0000000701800000, 0x0000000701800000|100%|HS|  |TAMS 0x0000000701600000| PB 0x0000000701600000| Complete 
|  12|0x0000000701800000, 0x0000000701a00000, 0x0000000701a00000|100%|HC|  |TAMS 0x0000000701800000| PB 0x0000000701800000| Complete 
|  13|0x0000000701a00000, 0x0000000701c00000, 0x0000000701c00000|100%|HC|  |TAMS 0x0000000701a00000| PB 0x0000000701a00000| Complete 
|  14|0x0000000701c00000, 0x0000000701e00000, 0x0000000701e00000|100%| O|  |TAMS 0x0000000701c00000| PB 0x0000000701c00000| Untracked 
|  15|0x0000000701e00000, 0x0000000702000000, 0x0000000702000000|100%| O|  |TAMS 0x0000000701e00000| PB 0x0000000701e00000| Untracked 
|  16|0x0000000702000000, 0x0000000702200000, 0x0000000702200000|100%| O|  |TAMS 0x0000000702000000| PB 0x0000000702000000| Untracked 
|  17|0x0000000702200000, 0x0000000702400000, 0x0000000702400000|100%|HS|  |TAMS 0x0000000702200000| PB 0x0000000702200000| Complete 
|  18|0x0000000702400000, 0x0000000702600000, 0x0000000702600000|100%|HC|  |TAMS 0x0000000702400000| PB 0x0000000702400000| Complete 
|  19|0x0000000702600000, 0x0000000702800000, 0x0000000702800000|100%|HC|  |TAMS 0x0000000702600000| PB 0x0000000702600000| Complete 
|  20|0x0000000702800000, 0x0000000702a00000, 0x0000000702a00000|100%|HS|  |TAMS 0x0000000702800000| PB 0x0000000702800000| Complete 
|  21|0x0000000702a00000, 0x0000000702c00000, 0x0000000702c00000|100%| O|  |TAMS 0x0000000702a00000| PB 0x0000000702a00000| Untracked 
|  22|0x0000000702c00000, 0x0000000702e00000, 0x0000000702e00000|100%| O|  |TAMS 0x0000000702c00000| PB 0x0000000702c00000| Untracked 
|  23|0x0000000702e00000, 0x0000000703000000, 0x0000000703000000|100%| O|  |TAMS 0x0000000702e00000| PB 0x0000000702e00000| Untracked 
|  24|0x0000000703000000, 0x0000000703200000, 0x0000000703200000|100%| O|  |TAMS 0x0000000703000000| PB 0x0000000703000000| Untracked 
|  25|0x0000000703200000, 0x0000000703400000, 0x0000000703400000|100%| O|  |TAMS 0x0000000703200000| PB 0x0000000703200000| Untracked 
|  26|0x0000000703400000, 0x0000000703600000, 0x0000000703600000|100%| O|  |TAMS 0x0000000703400000| PB 0x0000000703400000| Untracked 
|  27|0x0000000703600000, 0x0000000703800000, 0x0000000703800000|100%| O|  |TAMS 0x0000000703600000| PB 0x0000000703600000| Untracked 
|  28|0x0000000703800000, 0x0000000703a00000, 0x0000000703a00000|100%| O|  |TAMS 0x0000000703800000| PB 0x0000000703800000| Untracked 
|  29|0x0000000703a00000, 0x0000000703c00000, 0x0000000703c00000|100%| O|  |TAMS 0x0000000703a00000| PB 0x0000000703a00000| Untracked 
|  30|0x0000000703c00000, 0x0000000703e00000, 0x0000000703e00000|100%|HS|  |TAMS 0x0000000703c00000| PB 0x0000000703c00000| Complete 
|  31|0x0000000703e00000, 0x0000000704000000, 0x0000000704000000|100%| O|  |TAMS 0x0000000703e00000| PB 0x0000000703e00000| Untracked 
|  32|0x0000000704000000, 0x0000000704200000, 0x0000000704200000|100%| O|  |TAMS 0x0000000704000000| PB 0x0000000704000000| Untracked 
|  33|0x0000000704200000, 0x0000000704400000, 0x0000000704400000|100%| O|  |TAMS 0x0000000704200000| PB 0x0000000704200000| Untracked 
|  34|0x0000000704400000, 0x0000000704600000, 0x0000000704600000|100%| O|  |TAMS 0x0000000704400000| PB 0x0000000704400000| Untracked 
|  35|0x0000000704600000, 0x0000000704800000, 0x0000000704800000|100%| O|Cm|TAMS 0x0000000704600000| PB 0x0000000704600000| Complete 
|  36|0x0000000704800000, 0x0000000704a00000, 0x0000000704a00000|100%|HS|  |TAMS 0x0000000704800000| PB 0x0000000704800000| Complete 
|  37|0x0000000704a00000, 0x0000000704c00000, 0x0000000704c00000|100%| O|  |TAMS 0x0000000704a00000| PB 0x0000000704a00000| Untracked 
|  38|0x0000000704c00000, 0x0000000704e00000, 0x0000000704e00000|100%| O|  |TAMS 0x0000000704c00000| PB 0x0000000704c00000| Untracked 
|  39|0x0000000704e00000, 0x0000000705000000, 0x0000000705000000|100%| O|  |TAMS 0x0000000704e00000| PB 0x0000000704e00000| Untracked 
|  40|0x0000000705000000, 0x0000000705000000, 0x0000000705200000|  0%| F|  |TAMS 0x0000000705000000| PB 0x0000000705000000| Untracked 
|  41|0x0000000705200000, 0x0000000705400000, 0x0000000705400000|100%| O|  |TAMS 0x0000000705200000| PB 0x0000000705200000| Untracked 
|  42|0x0000000705400000, 0x0000000705600000, 0x0000000705600000|100%| O|  |TAMS 0x0000000705400000| PB 0x0000000705400000| Untracked 
|  43|0x0000000705600000, 0x0000000705600000, 0x0000000705800000|  0%| F|  |TAMS 0x0000000705600000| PB 0x0000000705600000| Untracked 
|  44|0x0000000705800000, 0x0000000705a00000, 0x0000000705a00000|100%| O|  |TAMS 0x0000000705800000| PB 0x0000000705800000| Untracked 
|  45|0x0000000705a00000, 0x0000000705c00000, 0x0000000705c00000|100%| O|  |TAMS 0x0000000705a00000| PB 0x0000000705a00000| Untracked 
|  46|0x0000000705c00000, 0x0000000705e00000, 0x0000000705e00000|100%| O|  |TAMS 0x0000000705c00000| PB 0x0000000705c00000| Untracked 
|  47|0x0000000705e00000, 0x0000000706000000, 0x0000000706000000|100%| O|  |TAMS 0x0000000705e00000| PB 0x0000000705e00000| Untracked 
|  48|0x0000000706000000, 0x0000000706200000, 0x0000000706200000|100%| O|  |TAMS 0x0000000706000000| PB 0x0000000706000000| Untracked 
|  49|0x0000000706200000, 0x0000000706400000, 0x0000000706400000|100%| O|  |TAMS 0x0000000706200000| PB 0x0000000706200000| Untracked 
|  50|0x0000000706400000, 0x0000000706600000, 0x0000000706600000|100%| O|  |TAMS 0x0000000706400000| PB 0x0000000706400000| Untracked 
|  51|0x0000000706600000, 0x0000000706800000, 0x0000000706800000|100%| O|  |TAMS 0x0000000706600000| PB 0x0000000706600000| Untracked 
|  52|0x0000000706800000, 0x0000000706a00000, 0x0000000706a00000|100%| O|  |TAMS 0x0000000706800000| PB 0x0000000706800000| Untracked 
|  53|0x0000000706a00000, 0x0000000706c00000, 0x0000000706c00000|100%|HS|  |TAMS 0x0000000706a00000| PB 0x0000000706a00000| Complete 
|  54|0x0000000706c00000, 0x0000000706e00000, 0x0000000706e00000|100%|HC|  |TAMS 0x0000000706c00000| PB 0x0000000706c00000| Complete 
|  55|0x0000000706e00000, 0x0000000707000000, 0x0000000707000000|100%|HC|  |TAMS 0x0000000706e00000| PB 0x0000000706e00000| Complete 
|  56|0x0000000707000000, 0x0000000707200000, 0x0000000707200000|100%| O|  |TAMS 0x0000000707000000| PB 0x0000000707000000| Untracked 
|  57|0x0000000707200000, 0x0000000707400000, 0x0000000707400000|100%| O|  |TAMS 0x0000000707200000| PB 0x0000000707200000| Untracked 
|  58|0x0000000707400000, 0x0000000707600000, 0x0000000707600000|100%| O|  |TAMS 0x0000000707400000| PB 0x0000000707400000| Untracked 
|  59|0x0000000707600000, 0x0000000707800000, 0x0000000707800000|100%| O|  |TAMS 0x0000000707600000| PB 0x0000000707600000| Untracked 
|  60|0x0000000707800000, 0x0000000707a00000, 0x0000000707a00000|100%| O|  |TAMS 0x0000000707800000| PB 0x0000000707800000| Untracked 
|  61|0x0000000707a00000, 0x0000000707c00000, 0x0000000707c00000|100%| O|  |TAMS 0x0000000707a00000| PB 0x0000000707a00000| Untracked 
|  62|0x0000000707c00000, 0x0000000707c00000, 0x0000000707e00000|  0%| F|  |TAMS 0x0000000707c00000| PB 0x0000000707c00000| Untracked 
|  63|0x0000000707e00000, 0x0000000707e77958, 0x0000000708000000| 23%| S|CS|TAMS 0x0000000707e00000| PB 0x0000000707e00000| Complete 
|  64|0x0000000708000000, 0x0000000708000000, 0x0000000708200000|  0%| F|  |TAMS 0x0000000708000000| PB 0x0000000708000000| Untracked 
|  65|0x0000000708200000, 0x0000000708200000, 0x0000000708400000|  0%| F|  |TAMS 0x0000000708200000| PB 0x0000000708200000| Untracked 
|  66|0x0000000708400000, 0x0000000708400000, 0x0000000708600000|  0%| F|  |TAMS 0x0000000708400000| PB 0x0000000708400000| Untracked 
|  67|0x0000000708600000, 0x0000000708600000, 0x0000000708800000|  0%| F|  |TAMS 0x0000000708600000| PB 0x0000000708600000| Untracked 
|  68|0x0000000708800000, 0x0000000708800000, 0x0000000708a00000|  0%| F|  |TAMS 0x0000000708800000| PB 0x0000000708800000| Untracked 
|  69|0x0000000708a00000, 0x0000000708c00000, 0x0000000708c00000|100%| O|  |TAMS 0x0000000708a00000| PB 0x0000000708a00000| Untracked 
|  70|0x0000000708c00000, 0x0000000708e00000, 0x0000000708e00000|100%| O|  |TAMS 0x0000000708c00000| PB 0x0000000708c00000| Untracked 
|  71|0x0000000708e00000, 0x0000000709000000, 0x0000000709000000|100%| O|  |TAMS 0x0000000708e00000| PB 0x0000000708e00000| Untracked 
|  72|0x0000000709000000, 0x0000000709200000, 0x0000000709200000|100%| O|Cm|TAMS 0x0000000709000000| PB 0x0000000709000000| Complete 
|  73|0x0000000709200000, 0x0000000709400000, 0x0000000709400000|100%| O|  |TAMS 0x0000000709200000| PB 0x0000000709200000| Untracked 
|  74|0x0000000709400000, 0x0000000709600000, 0x0000000709600000|100%| O|  |TAMS 0x0000000709400000| PB 0x0000000709400000| Untracked 
|  75|0x0000000709600000, 0x0000000709800000, 0x0000000709800000|100%| O|  |TAMS 0x0000000709600000| PB 0x0000000709600000| Untracked 
|  76|0x0000000709800000, 0x0000000709a00000, 0x0000000709a00000|100%| O|  |TAMS 0x0000000709800000| PB 0x0000000709800000| Untracked 
|  77|0x0000000709a00000, 0x0000000709c00000, 0x0000000709c00000|100%| O|  |TAMS 0x0000000709a00000| PB 0x0000000709a00000| Untracked 
|  78|0x0000000709c00000, 0x0000000709e00000, 0x0000000709e00000|100%| O|  |TAMS 0x0000000709c00000| PB 0x0000000709c00000| Untracked 
|  79|0x0000000709e00000, 0x000000070a000000, 0x000000070a000000|100%| O|  |TAMS 0x0000000709e00000| PB 0x0000000709e00000| Untracked 
|  80|0x000000070a000000, 0x000000070a200000, 0x000000070a200000|100%| O|  |TAMS 0x000000070a000000| PB 0x000000070a000000| Untracked 
|  81|0x000000070a200000, 0x000000070a400000, 0x000000070a400000|100%| O|  |TAMS 0x000000070a200000| PB 0x000000070a200000| Untracked 
|  82|0x000000070a400000, 0x000000070a5b7080, 0x000000070a600000| 85%| O|  |TAMS 0x000000070a400000| PB 0x000000070a400000| Untracked 
|  83|0x000000070a600000, 0x000000070a800000, 0x000000070a800000|100%| S|CS|TAMS 0x000000070a600000| PB 0x000000070a600000| Complete 
|  84|0x000000070a800000, 0x000000070aa00000, 0x000000070aa00000|100%| S|CS|TAMS 0x000000070a800000| PB 0x000000070a800000| Complete 
|  85|0x000000070aa00000, 0x000000070ac00000, 0x000000070ac00000|100%| S|CS|TAMS 0x000000070aa00000| PB 0x000000070aa00000| Complete 
|  86|0x000000070ac00000, 0x000000070ae00000, 0x000000070ae00000|100%| S|CS|TAMS 0x000000070ac00000| PB 0x000000070ac00000| Complete 
|  87|0x000000070ae00000, 0x000000070b000000, 0x000000070b000000|100%| S|CS|TAMS 0x000000070ae00000| PB 0x000000070ae00000| Complete 
|  88|0x000000070b000000, 0x000000070b200000, 0x000000070b200000|100%| S|CS|TAMS 0x000000070b000000| PB 0x000000070b000000| Complete 
|  89|0x000000070b200000, 0x000000070b200000, 0x000000070b400000|  0%| F|  |TAMS 0x000000070b200000| PB 0x000000070b200000| Untracked 
|  90|0x000000070b400000, 0x000000070b400000, 0x000000070b600000|  0%| F|  |TAMS 0x000000070b400000| PB 0x000000070b400000| Untracked 
|  91|0x000000070b600000, 0x000000070b600000, 0x000000070b800000|  0%| F|  |TAMS 0x000000070b600000| PB 0x000000070b600000| Untracked 
|  92|0x000000070b800000, 0x000000070b800000, 0x000000070ba00000|  0%| F|  |TAMS 0x000000070b800000| PB 0x000000070b800000| Untracked 
|  93|0x000000070ba00000, 0x000000070ba00000, 0x000000070bc00000|  0%| F|  |TAMS 0x000000070ba00000| PB 0x000000070ba00000| Untracked 
|  94|0x000000070bc00000, 0x000000070bc00000, 0x000000070be00000|  0%| F|  |TAMS 0x000000070bc00000| PB 0x000000070bc00000| Untracked 
|  95|0x000000070be00000, 0x000000070be00000, 0x000000070c000000|  0%| F|  |TAMS 0x000000070be00000| PB 0x000000070be00000| Untracked 
|  96|0x000000070c000000, 0x000000070c000000, 0x000000070c200000|  0%| F|  |TAMS 0x000000070c000000| PB 0x000000070c000000| Untracked 
|  97|0x000000070c200000, 0x000000070c200000, 0x000000070c400000|  0%| F|  |TAMS 0x000000070c200000| PB 0x000000070c200000| Untracked 
|  98|0x000000070c400000, 0x000000070c400000, 0x000000070c600000|  0%| F|  |TAMS 0x000000070c400000| PB 0x000000070c400000| Untracked 
|  99|0x000000070c600000, 0x000000070c600000, 0x000000070c800000|  0%| F|  |TAMS 0x000000070c600000| PB 0x000000070c600000| Untracked 
| 100|0x000000070c800000, 0x000000070c800000, 0x000000070ca00000|  0%| F|  |TAMS 0x000000070c800000| PB 0x000000070c800000| Untracked 
| 101|0x000000070ca00000, 0x000000070ca00000, 0x000000070cc00000|  0%| F|  |TAMS 0x000000070ca00000| PB 0x000000070ca00000| Untracked 
| 102|0x000000070cc00000, 0x000000070cc00000, 0x000000070ce00000|  0%| F|  |TAMS 0x000000070cc00000| PB 0x000000070cc00000| Untracked 
| 103|0x000000070ce00000, 0x000000070ce00000, 0x000000070d000000|  0%| F|  |TAMS 0x000000070ce00000| PB 0x000000070ce00000| Untracked 
| 104|0x000000070d000000, 0x000000070d000000, 0x000000070d200000|  0%| F|  |TAMS 0x000000070d000000| PB 0x000000070d000000| Untracked 
| 105|0x000000070d200000, 0x000000070d200000, 0x000000070d400000|  0%| F|  |TAMS 0x000000070d200000| PB 0x000000070d200000| Untracked 
| 106|0x000000070d400000, 0x000000070d400000, 0x000000070d600000|  0%| F|  |TAMS 0x000000070d400000| PB 0x000000070d400000| Untracked 
| 107|0x000000070d600000, 0x000000070d600000, 0x000000070d800000|  0%| F|  |TAMS 0x000000070d600000| PB 0x000000070d600000| Untracked 
| 108|0x000000070d800000, 0x000000070d800000, 0x000000070da00000|  0%| F|  |TAMS 0x000000070d800000| PB 0x000000070d800000| Untracked 
| 109|0x000000070da00000, 0x000000070da00000, 0x000000070dc00000|  0%| F|  |TAMS 0x000000070da00000| PB 0x000000070da00000| Untracked 
| 110|0x000000070dc00000, 0x000000070dc00000, 0x000000070de00000|  0%| F|  |TAMS 0x000000070dc00000| PB 0x000000070dc00000| Untracked 
| 111|0x000000070de00000, 0x000000070de00000, 0x000000070e000000|  0%| F|  |TAMS 0x000000070de00000| PB 0x000000070de00000| Untracked 
| 112|0x000000070e000000, 0x000000070e000000, 0x000000070e200000|  0%| F|  |TAMS 0x000000070e000000| PB 0x000000070e000000| Untracked 
| 113|0x000000070e200000, 0x000000070e200000, 0x000000070e400000|  0%| F|  |TAMS 0x000000070e200000| PB 0x000000070e200000| Untracked 
| 114|0x000000070e400000, 0x000000070e400000, 0x000000070e600000|  0%| F|  |TAMS 0x000000070e400000| PB 0x000000070e400000| Untracked 
| 115|0x000000070e600000, 0x000000070e600000, 0x000000070e800000|  0%| F|  |TAMS 0x000000070e600000| PB 0x000000070e600000| Untracked 
| 116|0x000000070e800000, 0x000000070e800000, 0x000000070ea00000|  0%| F|  |TAMS 0x000000070e800000| PB 0x000000070e800000| Untracked 
| 117|0x000000070ea00000, 0x000000070ea00000, 0x000000070ec00000|  0%| F|  |TAMS 0x000000070ea00000| PB 0x000000070ea00000| Untracked 
| 118|0x000000070ec00000, 0x000000070ec00000, 0x000000070ee00000|  0%| F|  |TAMS 0x000000070ec00000| PB 0x000000070ec00000| Untracked 
| 119|0x000000070ee00000, 0x000000070ee00000, 0x000000070f000000|  0%| F|  |TAMS 0x000000070ee00000| PB 0x000000070ee00000| Untracked 
| 120|0x000000070f000000, 0x000000070f000000, 0x000000070f200000|  0%| F|  |TAMS 0x000000070f000000| PB 0x000000070f000000| Untracked 
| 121|0x000000070f200000, 0x000000070f200000, 0x000000070f400000|  0%| F|  |TAMS 0x000000070f200000| PB 0x000000070f200000| Untracked 
| 122|0x000000070f400000, 0x000000070f400000, 0x000000070f600000|  0%| F|  |TAMS 0x000000070f400000| PB 0x000000070f400000| Untracked 
| 123|0x000000070f600000, 0x000000070f600000, 0x000000070f800000|  0%| F|  |TAMS 0x000000070f600000| PB 0x000000070f600000| Untracked 
| 124|0x000000070f800000, 0x000000070f800000, 0x000000070fa00000|  0%| F|  |TAMS 0x000000070f800000| PB 0x000000070f800000| Untracked 
| 125|0x000000070fa00000, 0x000000070fa00000, 0x000000070fc00000|  0%| F|  |TAMS 0x000000070fa00000| PB 0x000000070fa00000| Untracked 
| 126|0x000000070fc00000, 0x000000070fc00000, 0x000000070fe00000|  0%| F|  |TAMS 0x000000070fc00000| PB 0x000000070fc00000| Untracked 
| 127|0x000000070fe00000, 0x000000070fe00000, 0x0000000710000000|  0%| F|  |TAMS 0x000000070fe00000| PB 0x000000070fe00000| Untracked 
| 128|0x0000000710000000, 0x0000000710000000, 0x0000000710200000|  0%| F|  |TAMS 0x0000000710000000| PB 0x0000000710000000| Untracked 
| 129|0x0000000710200000, 0x0000000710200000, 0x0000000710400000|  0%| F|  |TAMS 0x0000000710200000| PB 0x0000000710200000| Untracked 
| 130|0x0000000710400000, 0x0000000710400000, 0x0000000710600000|  0%| F|  |TAMS 0x0000000710400000| PB 0x0000000710400000| Untracked 
| 131|0x0000000710600000, 0x0000000710600000, 0x0000000710800000|  0%| F|  |TAMS 0x0000000710600000| PB 0x0000000710600000| Untracked 
| 132|0x0000000710800000, 0x0000000710800000, 0x0000000710a00000|  0%| F|  |TAMS 0x0000000710800000| PB 0x0000000710800000| Untracked 
| 133|0x0000000710a00000, 0x0000000710a00000, 0x0000000710c00000|  0%| F|  |TAMS 0x0000000710a00000| PB 0x0000000710a00000| Untracked 
| 134|0x0000000710c00000, 0x0000000710c00000, 0x0000000710e00000|  0%| F|  |TAMS 0x0000000710c00000| PB 0x0000000710c00000| Untracked 
| 135|0x0000000710e00000, 0x0000000710e00000, 0x0000000711000000|  0%| F|  |TAMS 0x0000000710e00000| PB 0x0000000710e00000| Untracked 
| 136|0x0000000711000000, 0x0000000711000000, 0x0000000711200000|  0%| F|  |TAMS 0x0000000711000000| PB 0x0000000711000000| Untracked 
| 137|0x0000000711200000, 0x0000000711200000, 0x0000000711400000|  0%| F|  |TAMS 0x0000000711200000| PB 0x0000000711200000| Untracked 
| 138|0x0000000711400000, 0x0000000711400000, 0x0000000711600000|  0%| F|  |TAMS 0x0000000711400000| PB 0x0000000711400000| Untracked 
| 139|0x0000000711600000, 0x0000000711600000, 0x0000000711800000|  0%| F|  |TAMS 0x0000000711600000| PB 0x0000000711600000| Untracked 
| 140|0x0000000711800000, 0x0000000711800000, 0x0000000711a00000|  0%| F|  |TAMS 0x0000000711800000| PB 0x0000000711800000| Untracked 
| 141|0x0000000711a00000, 0x0000000711a00000, 0x0000000711c00000|  0%| F|  |TAMS 0x0000000711a00000| PB 0x0000000711a00000| Untracked 
| 142|0x0000000711c00000, 0x0000000711c00000, 0x0000000711e00000|  0%| F|  |TAMS 0x0000000711c00000| PB 0x0000000711c00000| Untracked 
| 143|0x0000000711e00000, 0x0000000711e00000, 0x0000000712000000|  0%| F|  |TAMS 0x0000000711e00000| PB 0x0000000711e00000| Untracked 
| 144|0x0000000712000000, 0x0000000712000000, 0x0000000712200000|  0%| F|  |TAMS 0x0000000712000000| PB 0x0000000712000000| Untracked 
| 145|0x0000000712200000, 0x0000000712200000, 0x0000000712400000|  0%| F|  |TAMS 0x0000000712200000| PB 0x0000000712200000| Untracked 
| 146|0x0000000712400000, 0x0000000712400000, 0x0000000712600000|  0%| F|  |TAMS 0x0000000712400000| PB 0x0000000712400000| Untracked 
| 147|0x0000000712600000, 0x0000000712600000, 0x0000000712800000|  0%| F|  |TAMS 0x0000000712600000| PB 0x0000000712600000| Untracked 
| 148|0x0000000712800000, 0x0000000712800000, 0x0000000712a00000|  0%| F|  |TAMS 0x0000000712800000| PB 0x0000000712800000| Untracked 
| 149|0x0000000712a00000, 0x0000000712a00000, 0x0000000712c00000|  0%| F|  |TAMS 0x0000000712a00000| PB 0x0000000712a00000| Untracked 
| 150|0x0000000712c00000, 0x0000000712c00000, 0x0000000712e00000|  0%| F|  |TAMS 0x0000000712c00000| PB 0x0000000712c00000| Untracked 
| 151|0x0000000712e00000, 0x0000000712e00000, 0x0000000713000000|  0%| F|  |TAMS 0x0000000712e00000| PB 0x0000000712e00000| Untracked 
| 152|0x0000000713000000, 0x0000000713000000, 0x0000000713200000|  0%| F|  |TAMS 0x0000000713000000| PB 0x0000000713000000| Untracked 
| 153|0x0000000713200000, 0x0000000713200000, 0x0000000713400000|  0%| F|  |TAMS 0x0000000713200000| PB 0x0000000713200000| Untracked 
| 154|0x0000000713400000, 0x0000000713400000, 0x0000000713600000|  0%| F|  |TAMS 0x0000000713400000| PB 0x0000000713400000| Untracked 
| 155|0x0000000713600000, 0x0000000713600000, 0x0000000713800000|  0%| F|  |TAMS 0x0000000713600000| PB 0x0000000713600000| Untracked 
| 156|0x0000000713800000, 0x0000000713800000, 0x0000000713a00000|  0%| F|  |TAMS 0x0000000713800000| PB 0x0000000713800000| Untracked 
| 157|0x0000000713a00000, 0x0000000713a00000, 0x0000000713c00000|  0%| F|  |TAMS 0x0000000713a00000| PB 0x0000000713a00000| Untracked 
| 158|0x0000000713c00000, 0x0000000713c00000, 0x0000000713e00000|  0%| F|  |TAMS 0x0000000713c00000| PB 0x0000000713c00000| Untracked 
| 159|0x0000000713e00000, 0x0000000713e00000, 0x0000000714000000|  0%| F|  |TAMS 0x0000000713e00000| PB 0x0000000713e00000| Untracked 
| 160|0x0000000714000000, 0x0000000714000000, 0x0000000714200000|  0%| F|  |TAMS 0x0000000714000000| PB 0x0000000714000000| Untracked 
| 161|0x0000000714200000, 0x0000000714200000, 0x0000000714400000|  0%| F|  |TAMS 0x0000000714200000| PB 0x0000000714200000| Untracked 
| 162|0x0000000714400000, 0x0000000714400000, 0x0000000714600000|  0%| F|  |TAMS 0x0000000714400000| PB 0x0000000714400000| Untracked 
| 163|0x0000000714600000, 0x0000000714600000, 0x0000000714800000|  0%| F|  |TAMS 0x0000000714600000| PB 0x0000000714600000| Untracked 
| 164|0x0000000714800000, 0x0000000714800000, 0x0000000714a00000|  0%| F|  |TAMS 0x0000000714800000| PB 0x0000000714800000| Untracked 
| 165|0x0000000714a00000, 0x0000000714a00000, 0x0000000714c00000|  0%| F|  |TAMS 0x0000000714a00000| PB 0x0000000714a00000| Untracked 
| 166|0x0000000714c00000, 0x0000000714c00000, 0x0000000714e00000|  0%| F|  |TAMS 0x0000000714c00000| PB 0x0000000714c00000| Untracked 
| 167|0x0000000714e00000, 0x0000000714e00000, 0x0000000715000000|  0%| F|  |TAMS 0x0000000714e00000| PB 0x0000000714e00000| Untracked 
| 168|0x0000000715000000, 0x0000000715000000, 0x0000000715200000|  0%| F|  |TAMS 0x0000000715000000| PB 0x0000000715000000| Untracked 
| 169|0x0000000715200000, 0x0000000715200000, 0x0000000715400000|  0%| F|  |TAMS 0x0000000715200000| PB 0x0000000715200000| Untracked 
| 170|0x0000000715400000, 0x0000000715400000, 0x0000000715600000|  0%| F|  |TAMS 0x0000000715400000| PB 0x0000000715400000| Untracked 
| 171|0x0000000715600000, 0x0000000715600000, 0x0000000715800000|  0%| F|  |TAMS 0x0000000715600000| PB 0x0000000715600000| Untracked 
| 172|0x0000000715800000, 0x0000000715800000, 0x0000000715a00000|  0%| F|  |TAMS 0x0000000715800000| PB 0x0000000715800000| Untracked 
| 173|0x0000000715a00000, 0x0000000715a00000, 0x0000000715c00000|  0%| F|  |TAMS 0x0000000715a00000| PB 0x0000000715a00000| Untracked 
| 174|0x0000000715c00000, 0x0000000715c00000, 0x0000000715e00000|  0%| F|  |TAMS 0x0000000715c00000| PB 0x0000000715c00000| Untracked 
| 175|0x0000000715e00000, 0x0000000715e00000, 0x0000000716000000|  0%| F|  |TAMS 0x0000000715e00000| PB 0x0000000715e00000| Untracked 
| 176|0x0000000716000000, 0x0000000716000000, 0x0000000716200000|  0%| F|  |TAMS 0x0000000716000000| PB 0x0000000716000000| Untracked 
| 177|0x0000000716200000, 0x0000000716200000, 0x0000000716400000|  0%| F|  |TAMS 0x0000000716200000| PB 0x0000000716200000| Untracked 
| 178|0x0000000716400000, 0x0000000716400000, 0x0000000716600000|  0%| F|  |TAMS 0x0000000716400000| PB 0x0000000716400000| Untracked 
| 179|0x0000000716600000, 0x0000000716600000, 0x0000000716800000|  0%| F|  |TAMS 0x0000000716600000| PB 0x0000000716600000| Untracked 
| 180|0x0000000716800000, 0x0000000716800000, 0x0000000716a00000|  0%| F|  |TAMS 0x0000000716800000| PB 0x0000000716800000| Untracked 
| 181|0x0000000716a00000, 0x0000000716a00000, 0x0000000716c00000|  0%| F|  |TAMS 0x0000000716a00000| PB 0x0000000716a00000| Untracked 
| 182|0x0000000716c00000, 0x0000000716c00000, 0x0000000716e00000|  0%| F|  |TAMS 0x0000000716c00000| PB 0x0000000716c00000| Untracked 
| 183|0x0000000716e00000, 0x0000000716e00000, 0x0000000717000000|  0%| F|  |TAMS 0x0000000716e00000| PB 0x0000000716e00000| Untracked 
| 184|0x0000000717000000, 0x0000000717000000, 0x0000000717200000|  0%| F|  |TAMS 0x0000000717000000| PB 0x0000000717000000| Untracked 
| 185|0x0000000717200000, 0x0000000717200000, 0x0000000717400000|  0%| F|  |TAMS 0x0000000717200000| PB 0x0000000717200000| Untracked 
| 186|0x0000000717400000, 0x0000000717400000, 0x0000000717600000|  0%| F|  |TAMS 0x0000000717400000| PB 0x0000000717400000| Untracked 
| 187|0x0000000717600000, 0x0000000717600000, 0x0000000717800000|  0%| F|  |TAMS 0x0000000717600000| PB 0x0000000717600000| Untracked 
| 188|0x0000000717800000, 0x0000000717800000, 0x0000000717a00000|  0%| F|  |TAMS 0x0000000717800000| PB 0x0000000717800000| Untracked 
| 189|0x0000000717a00000, 0x0000000717a00000, 0x0000000717c00000|  0%| F|  |TAMS 0x0000000717a00000| PB 0x0000000717a00000| Untracked 
| 190|0x0000000717c00000, 0x0000000717c00000, 0x0000000717e00000|  0%| F|  |TAMS 0x0000000717c00000| PB 0x0000000717c00000| Untracked 
| 191|0x0000000717e00000, 0x0000000717e00000, 0x0000000718000000|  0%| F|  |TAMS 0x0000000717e00000| PB 0x0000000717e00000| Untracked 
| 192|0x0000000718000000, 0x0000000718000000, 0x0000000718200000|  0%| F|  |TAMS 0x0000000718000000| PB 0x0000000718000000| Untracked 
| 193|0x0000000718200000, 0x0000000718200000, 0x0000000718400000|  0%| F|  |TAMS 0x0000000718200000| PB 0x0000000718200000| Untracked 
| 194|0x0000000718400000, 0x0000000718400000, 0x0000000718600000|  0%| F|  |TAMS 0x0000000718400000| PB 0x0000000718400000| Untracked 
| 195|0x0000000718600000, 0x0000000718600000, 0x0000000718800000|  0%| F|  |TAMS 0x0000000718600000| PB 0x0000000718600000| Untracked 
| 196|0x0000000718800000, 0x0000000718800000, 0x0000000718a00000|  0%| F|  |TAMS 0x0000000718800000| PB 0x0000000718800000| Untracked 
| 197|0x0000000718a00000, 0x0000000718a00000, 0x0000000718c00000|  0%| F|  |TAMS 0x0000000718a00000| PB 0x0000000718a00000| Untracked 
| 198|0x0000000718c00000, 0x0000000718c00000, 0x0000000718e00000|  0%| F|  |TAMS 0x0000000718c00000| PB 0x0000000718c00000| Untracked 
| 199|0x0000000718e00000, 0x0000000718e00000, 0x0000000719000000|  0%| F|  |TAMS 0x0000000718e00000| PB 0x0000000718e00000| Untracked 
| 200|0x0000000719000000, 0x0000000719000000, 0x0000000719200000|  0%| F|  |TAMS 0x0000000719000000| PB 0x0000000719000000| Untracked 
| 201|0x0000000719200000, 0x0000000719200000, 0x0000000719400000|  0%| F|  |TAMS 0x0000000719200000| PB 0x0000000719200000| Untracked 
| 202|0x0000000719400000, 0x0000000719400000, 0x0000000719600000|  0%| F|  |TAMS 0x0000000719400000| PB 0x0000000719400000| Untracked 
| 203|0x0000000719600000, 0x0000000719600000, 0x0000000719800000|  0%| F|  |TAMS 0x0000000719600000| PB 0x0000000719600000| Untracked 
| 204|0x0000000719800000, 0x0000000719800000, 0x0000000719a00000|  0%| F|  |TAMS 0x0000000719800000| PB 0x0000000719800000| Untracked 
| 205|0x0000000719a00000, 0x0000000719a00000, 0x0000000719c00000|  0%| F|  |TAMS 0x0000000719a00000| PB 0x0000000719a00000| Untracked 
| 206|0x0000000719c00000, 0x0000000719c00000, 0x0000000719e00000|  0%| F|  |TAMS 0x0000000719c00000| PB 0x0000000719c00000| Untracked 
| 207|0x0000000719e00000, 0x0000000719e00000, 0x000000071a000000|  0%| F|  |TAMS 0x0000000719e00000| PB 0x0000000719e00000| Untracked 
| 208|0x000000071a000000, 0x000000071a000000, 0x000000071a200000|  0%| F|  |TAMS 0x000000071a000000| PB 0x000000071a000000| Untracked 
| 209|0x000000071a200000, 0x000000071a200000, 0x000000071a400000|  0%| F|  |TAMS 0x000000071a200000| PB 0x000000071a200000| Untracked 
| 210|0x000000071a400000, 0x000000071a400000, 0x000000071a600000|  0%| F|  |TAMS 0x000000071a400000| PB 0x000000071a400000| Untracked 
| 211|0x000000071a600000, 0x000000071a600000, 0x000000071a800000|  0%| F|  |TAMS 0x000000071a600000| PB 0x000000071a600000| Untracked 
| 212|0x000000071a800000, 0x000000071a800000, 0x000000071aa00000|  0%| F|  |TAMS 0x000000071a800000| PB 0x000000071a800000| Untracked 
| 213|0x000000071aa00000, 0x000000071aa00000, 0x000000071ac00000|  0%| F|  |TAMS 0x000000071aa00000| PB 0x000000071aa00000| Untracked 
| 214|0x000000071ac00000, 0x000000071ac00000, 0x000000071ae00000|  0%| F|  |TAMS 0x000000071ac00000| PB 0x000000071ac00000| Untracked 
| 215|0x000000071ae00000, 0x000000071ae00000, 0x000000071b000000|  0%| F|  |TAMS 0x000000071ae00000| PB 0x000000071ae00000| Untracked 
| 216|0x000000071b000000, 0x000000071b000000, 0x000000071b200000|  0%| F|  |TAMS 0x000000071b000000| PB 0x000000071b000000| Untracked 
| 217|0x000000071b200000, 0x000000071b200000, 0x000000071b400000|  0%| F|  |TAMS 0x000000071b200000| PB 0x000000071b200000| Untracked 
| 218|0x000000071b400000, 0x000000071b400000, 0x000000071b600000|  0%| F|  |TAMS 0x000000071b400000| PB 0x000000071b400000| Untracked 
| 219|0x000000071b600000, 0x000000071b600000, 0x000000071b800000|  0%| F|  |TAMS 0x000000071b600000| PB 0x000000071b600000| Untracked 
| 220|0x000000071b800000, 0x000000071b800000, 0x000000071ba00000|  0%| F|  |TAMS 0x000000071b800000| PB 0x000000071b800000| Untracked 
| 221|0x000000071ba00000, 0x000000071ba00000, 0x000000071bc00000|  0%| F|  |TAMS 0x000000071ba00000| PB 0x000000071ba00000| Untracked 
| 222|0x000000071bc00000, 0x000000071bc00000, 0x000000071be00000|  0%| F|  |TAMS 0x000000071bc00000| PB 0x000000071bc00000| Untracked 
| 223|0x000000071be00000, 0x000000071be00000, 0x000000071c000000|  0%| F|  |TAMS 0x000000071be00000| PB 0x000000071be00000| Untracked 
| 224|0x000000071c000000, 0x000000071c000000, 0x000000071c200000|  0%| F|  |TAMS 0x000000071c000000| PB 0x000000071c000000| Untracked 
| 225|0x000000071c200000, 0x000000071c200000, 0x000000071c400000|  0%| F|  |TAMS 0x000000071c200000| PB 0x000000071c200000| Untracked 
| 226|0x000000071c400000, 0x000000071c400000, 0x000000071c600000|  0%| F|  |TAMS 0x000000071c400000| PB 0x000000071c400000| Untracked 
| 227|0x000000071c600000, 0x000000071c600000, 0x000000071c800000|  0%| F|  |TAMS 0x000000071c600000| PB 0x000000071c600000| Untracked 
| 228|0x000000071c800000, 0x000000071c800000, 0x000000071ca00000|  0%| F|  |TAMS 0x000000071c800000| PB 0x000000071c800000| Untracked 
| 229|0x000000071ca00000, 0x000000071ca00000, 0x000000071cc00000|  0%| F|  |TAMS 0x000000071ca00000| PB 0x000000071ca00000| Untracked 
| 230|0x000000071cc00000, 0x000000071cc00000, 0x000000071ce00000|  0%| F|  |TAMS 0x000000071cc00000| PB 0x000000071cc00000| Untracked 
| 231|0x000000071ce00000, 0x000000071ce00000, 0x000000071d000000|  0%| F|  |TAMS 0x000000071ce00000| PB 0x000000071ce00000| Untracked 
|2041|0x00000007ff200000, 0x00000007ff400000, 0x00000007ff400000|100%| O|  |TAMS 0x00000007ff200000| PB 0x00000007ff200000| Untracked 
|2042|0x00000007ff400000, 0x00000007ff600000, 0x00000007ff600000|100%| O|  |TAMS 0x00000007ff400000| PB 0x00000007ff400000| Untracked 
|2043|0x00000007ff600000, 0x00000007ff800000, 0x00000007ff800000|100%| O|  |TAMS 0x00000007ff600000| PB 0x00000007ff600000| Untracked 
|2044|0x00000007ff800000, 0x00000007ff800000, 0x00000007ffa00000|  0%| F|  |TAMS 0x00000007ff800000| PB 0x00000007ff800000| Untracked 
|2045|0x00000007ffa00000, 0x00000007ffc00000, 0x00000007ffc00000|100%| O|  |TAMS 0x00000007ffa00000| PB 0x00000007ffa00000| Untracked 
|2046|0x00000007ffc00000, 0x00000007ffe00000, 0x00000007ffe00000|100%| O|  |TAMS 0x00000007ffc00000| PB 0x00000007ffc00000| Untracked 
|2047|0x00000007ffe00000, 0x0000000800000000, 0x0000000800000000|100%| O|  |TAMS 0x00000007ffe00000| PB 0x00000007ffe00000| Untracked 

Card table byte_map: [0x000001cc98110000,0x000001cc98910000] _byte_map_base: 0x000001cc94910000

Marking Bits: (CMBitMap*) 0x000001cc85510f90
 Bits: [0x000001cc98910000, 0x000001cc9c910000)

Polling page: 0x000001cc83310000

Metaspace:

Usage:
  Non-class:    143.04 MB used.
      Class:     21.12 MB used.
       Both:    164.16 MB used.

Virtual space:
  Non-class space:      192.00 MB reserved,     144.19 MB ( 75%) committed,  3 nodes.
      Class space:        1.00 GB reserved,      22.19 MB (  2%) committed,  1 nodes.
             Both:        1.19 GB reserved,     166.38 MB ( 14%) committed. 

Chunk freelists:
   Non-Class:  15.59 MB
       Class:  9.86 MB
        Both:  25.45 MB

MaxMetaspaceSize: unlimited
CompressedClassSpaceSize: 1.00 GB
Initial GC threshold: 21.00 MB
Current GC threshold: 277.31 MB
CDS: off
 - commit_granule_bytes: 65536.
 - commit_granule_words: 8192.
 - virtual_space_node_default_size: 8388608.
 - enlarge_chunks_in_place: 1.
 - use_allocation_guard: 0.


Internal statistics:

num_allocs_failed_limit: 6.
num_arena_births: 4278.
num_arena_deaths: 10.
num_vsnodes_births: 4.
num_vsnodes_deaths: 0.
num_space_committed: 2660.
num_space_uncommitted: 0.
num_chunks_returned_to_freelist: 25.
num_chunks_taken_from_freelist: 10505.
num_chunk_merges: 7.
num_chunk_splits: 7506.
num_chunks_enlarged: 5405.
num_inconsistent_stats: 0.

CodeHeap 'non-profiled nmethods': size=120000Kb used=12336Kb max_used=14229Kb free=107663Kb
 bounds [0x000001cc900b0000, 0x000001cc90ea0000, 0x000001cc975e0000]
CodeHeap 'profiled nmethods': size=120000Kb used=38096Kb max_used=45074Kb free=81903Kb
 bounds [0x000001cc885e0000, 0x000001cc8b1f0000, 0x000001cc8fb10000]
CodeHeap 'non-nmethods': size=5760Kb used=2940Kb max_used=2990Kb free=2819Kb
 bounds [0x000001cc8fb10000, 0x000001cc8fe20000, 0x000001cc900b0000]
CodeCache: size=245760Kb, used=53372Kb, max_used=62293Kb, free=192385Kb
 total_blobs=18248, nmethods=17059, adapters=1089, full_count=0
Compilation: enabled, stopped_count=0, restarted_count=0

Compilation events (20 events):
Event: 265.364 Thread 0x000001cc9f5b18e0 nmethod 24737 0x000001cc904b5610 code [0x000001cc904b5860, 0x000001cc904b6518]
Event: 265.369 Thread 0x000001cc9f5b2b00 24740       3       org.gradle.internal.snapshot.AbstractStorePathRelationshipHandler::handleExactMatchWithChild (19 bytes)
Event: 265.369 Thread 0x000001cc9f5b2b00 nmethod 24740 0x000001cc8860e310 code [0x000001cc8860e4e0, 0x000001cc8860e790]
Event: 265.369 Thread 0x000001cc9f5b2b00 24741       3       org.gradle.internal.Deferrable$1::applyAndRequireNonNull (15 bytes)
Event: 265.369 Thread 0x000001cc9f5b2b00 nmethod 24741 0x000001cc88674f10 code [0x000001cc886750e0, 0x000001cc88675410]
Event: 265.371 Thread 0x000001cc9f5b2b00 24742       3       org.gradle.internal.watch.vfs.impl.WatchingVirtualFileSystem$$Lambda/0x000000080053fb40::get (12 bytes)
Event: 265.372 Thread 0x000001cc9f5b2b00 nmethod 24742 0x000001cc8866c490 code [0x000001cc8866c640, 0x000001cc8866c888]
Event: 265.372 Thread 0x000001cc9f5b2b00 24743       3       org.gradle.internal.watch.vfs.impl.WatchingVirtualFileSystem$$Lambda/0x000000080053f8e8::run (16 bytes)
Event: 265.375 Thread 0x000001cc9f5b2b00 nmethod 24743 0x000001cc88890210 code [0x000001cc88890420, 0x000001cc88890b68]
Event: 265.375 Thread 0x000001cc9f5b2b00 24744       3       org.gradle.internal.watch.vfs.impl.WatchingVirtualFileSystem::updateNotifyingListeners (47 bytes)
Event: 265.380 Thread 0x000001cc9f5b2b00 nmethod 24744 0x000001cc88817990 code [0x000001cc88817d20, 0x000001cc888196d8]
Event: 265.380 Thread 0x000001cc9f5b2b00 24745       3       org.gradle.api.internal.artifacts.transform.TransformExecutionResult$Builder$MixedInputAndProducedOutputResult$$Lambda/0x0000000800970758::apply (12 bytes)
Event: 265.381 Thread 0x000001cc9f5b2b00 nmethod 24745 0x000001cc886aaf10 code [0x000001cc886ab0e0, 0x000001cc886ab430]
Event: 265.383 Thread 0x000001cc9f5b18e0 24746       4       org.gradle.internal.snapshot.ChildMap$Entry::handleAncestorDescendantOrExactMatch (110 bytes)
Event: 265.411 Thread 0x000001cc9f5b2b00 24749       3       org.gradle.internal.typeconversion.NotationConverterToNotationParserAdapter::<init> (10 bytes)
Event: 265.412 Thread 0x000001cc9f5b2b00 nmethod 24749 0x000001cc886f0910 code [0x000001cc886f0ac0, 0x000001cc886f0c80]
Event: 265.412 Thread 0x000001cc9f5b2b00 24750       3       com.google.common.collect.CollectCollectors$$Lambda/0x00000008003ca528::get (4 bytes)
Event: 265.412 Thread 0x000001cc9f5b2b00 nmethod 24750 0x000001cc8867e590 code [0x000001cc8867e760, 0x000001cc8867eba8]
Event: 265.412 Thread 0x000001cc9f5b2b00 24751       3       org.slf4j.helpers.NOPLogger::warn (1 bytes)
Event: 265.412 Thread 0x000001cc9f5b2b00 nmethod 24751 0x000001cc88620910 code [0x000001cc88620aa0, 0x000001cc88620ba8]

GC Heap History (20 events):
Event: 126.702 GC heap after
{Heap after GC invocations=126 (full 0):
 garbage-first heap   total 376832K, used 151443K [0x0000000700000000, 0x0000000800000000)
  region size 2048K, 6 young (12288K), 6 survivors (12288K)
 Metaspace       used 145799K, committed 147840K, reserved 1179648K
  class space    used 19035K, committed 20032K, reserved 1048576K
}
Event: 127.110 GC heap before
{Heap before GC invocations=126 (full 0):
 garbage-first heap   total 376832K, used 350099K [0x0000000700000000, 0x0000000800000000)
  region size 2048K, 103 young (210944K), 6 survivors (12288K)
 Metaspace       used 145799K, committed 147840K, reserved 1179648K
  class space    used 19035K, committed 20032K, reserved 1048576K
}
Event: 127.130 GC heap after
{Heap after GC invocations=127 (full 0):
 garbage-first heap   total 376832K, used 153260K [0x0000000700000000, 0x0000000800000000)
  region size 2048K, 7 young (14336K), 7 survivors (14336K)
 Metaspace       used 145799K, committed 147840K, reserved 1179648K
  class space    used 19035K, committed 20032K, reserved 1048576K
}
Event: 127.644 GC heap before
{Heap before GC invocations=127 (full 0):
 garbage-first heap   total 376832K, used 353964K [0x0000000700000000, 0x0000000800000000)
  region size 2048K, 105 young (215040K), 7 survivors (14336K)
 Metaspace       used 145801K, committed 147904K, reserved 1179648K
  class space    used 19035K, committed 20032K, reserved 1048576K
}
Event: 127.653 GC heap after
{Heap after GC invocations=128 (full 0):
 garbage-first heap   total 376832K, used 148408K [0x0000000700000000, 0x0000000800000000)
  region size 2048K, 5 young (10240K), 5 survivors (10240K)
 Metaspace       used 145801K, committed 147904K, reserved 1179648K
  class space    used 19035K, committed 20032K, reserved 1048576K
}
Event: 130.992 GC heap before
{Heap before GC invocations=129 (full 0):
 garbage-first heap   total 376832K, used 349088K [0x0000000700000000, 0x0000000800000000)
  region size 2048K, 105 young (215040K), 5 survivors (10240K)
 Metaspace       used 147287K, committed 149376K, reserved 1179648K
  class space    used 19168K, committed 20160K, reserved 1048576K
}
Event: 131.017 GC heap after
{Heap after GC invocations=130 (full 0):
 garbage-first heap   total 376832K, used 150241K [0x0000000700000000, 0x0000000800000000)
  region size 2048K, 8 young (16384K), 8 survivors (16384K)
 Metaspace       used 147287K, committed 149376K, reserved 1179648K
  class space    used 19168K, committed 20160K, reserved 1048576K
}
Event: 139.866 GC heap before
{Heap before GC invocations=130 (full 0):
 garbage-first heap   total 376832K, used 355041K [0x0000000700000000, 0x0000000800000000)
  region size 2048K, 108 young (221184K), 8 survivors (16384K)
 Metaspace       used 160109K, committed 162304K, reserved 1245184K
  class space    used 20774K, committed 21824K, reserved 1048576K
}
Event: 139.927 GC heap after
{Heap after GC invocations=131 (full 0):
 garbage-first heap   total 376832K, used 147882K [0x0000000700000000, 0x0000000800000000)
  region size 2048K, 8 young (16384K), 8 survivors (16384K)
 Metaspace       used 160109K, committed 162304K, reserved 1245184K
  class space    used 20774K, committed 21824K, reserved 1048576K
}
Event: 211.164 GC heap before
{Heap before GC invocations=131 (full 0):
 garbage-first heap   total 376832K, used 354730K [0x0000000700000000, 0x0000000800000000)
  region size 2048K, 109 young (223232K), 8 survivors (16384K)
 Metaspace       used 166807K, committed 169088K, reserved 1245184K
  class space    used 21582K, committed 22656K, reserved 1048576K
}
Event: 211.461 GC heap after
{Heap after GC invocations=132 (full 0):
 garbage-first heap   total 376832K, used 151719K [0x0000000700000000, 0x0000000800000000)
  region size 2048K, 10 young (20480K), 10 survivors (20480K)
 Metaspace       used 166807K, committed 169088K, reserved 1245184K
  class space    used 21582K, committed 22656K, reserved 1048576K
}
Event: 258.376 GC heap before
{Heap before GC invocations=133 (full 0):
 garbage-first heap   total 376832K, used 354471K [0x0000000700000000, 0x0000000800000000)
  region size 2048K, 109 young (223232K), 10 survivors (20480K)
 Metaspace       used 167845K, committed 170112K, reserved 1245184K
  class space    used 21622K, committed 22720K, reserved 1048576K
}
Event: 258.633 GC heap after
{Heap after GC invocations=134 (full 0):
 garbage-first heap   total 378880K, used 154325K [0x0000000700000000, 0x0000000800000000)
  region size 2048K, 7 young (14336K), 7 survivors (14336K)
 Metaspace       used 167845K, committed 170112K, reserved 1245184K
  class space    used 21622K, committed 22720K, reserved 1048576K
}
Event: 264.059 GC heap before
{Heap before GC invocations=134 (full 0):
 garbage-first heap   total 378880K, used 355029K [0x0000000700000000, 0x0000000800000000)
  region size 2048K, 106 young (217088K), 7 survivors (14336K)
 Metaspace       used 168073K, committed 170304K, reserved 1245184K
  class space    used 21622K, committed 22720K, reserved 1048576K
}
Event: 264.089 GC heap after
{Heap after GC invocations=135 (full 0):
 garbage-first heap   total 380928K, used 161025K [0x0000000700000000, 0x0000000800000000)
  region size 2048K, 11 young (22528K), 11 survivors (22528K)
 Metaspace       used 168073K, committed 170304K, reserved 1245184K
  class space    used 21622K, committed 22720K, reserved 1048576K
}
Event: 264.101 GC heap before
{Heap before GC invocations=135 (full 0):
 garbage-first heap   total 380928K, used 175361K [0x0000000700000000, 0x0000000800000000)
  region size 2048K, 19 young (38912K), 11 survivors (22528K)
 Metaspace       used 168073K, committed 170304K, reserved 1245184K
  class space    used 21622K, committed 22720K, reserved 1048576K
}
Event: 264.145 GC heap after
{Heap after GC invocations=136 (full 0):
 garbage-first heap   total 380928K, used 164792K [0x0000000700000000, 0x0000000800000000)
  region size 2048K, 2 young (4096K), 2 survivors (4096K)
 Metaspace       used 168073K, committed 170304K, reserved 1245184K
  class space    used 21622K, committed 22720K, reserved 1048576K
}
Event: 264.526 GC heap before
{Heap before GC invocations=136 (full 0):
 garbage-first heap   total 380928K, used 359352K [0x0000000700000000, 0x0000000800000000)
  region size 2048K, 97 young (198656K), 2 survivors (4096K)
 Metaspace       used 168088K, committed 170368K, reserved 1245184K
  class space    used 21622K, committed 22720K, reserved 1048576K
}
Event: 264.533 GC heap after
{Heap after GC invocations=137 (full 0):
 garbage-first heap   total 380928K, used 172537K [0x0000000700000000, 0x0000000800000000)
  region size 2048K, 5 young (10240K), 5 survivors (10240K)
 Metaspace       used 168088K, committed 170368K, reserved 1245184K
  class space    used 21622K, committed 22720K, reserved 1048576K
}
Event: 265.433 GC heap before
{Heap before GC invocations=138 (full 0):
 garbage-first heap   total 380928K, used 356857K [0x0000000700000000, 0x0000000800000000)
  region size 2048K, 96 young (196608K), 5 survivors (10240K)
 Metaspace       used 168097K, committed 170368K, reserved 1245184K
  class space    used 21622K, committed 22720K, reserved 1048576K
}

Dll operation events (3 events):
Event: 0.035 Loaded shared library D:\Android Studio\jbr\bin\java.dll
Event: 0.045 Loaded shared library D:\Android Studio\jbr\bin\zip.dll
Event: 2.343 Loaded shared library D:\Android Studio\jbr\bin\verify.dll

Deoptimization events (20 events):
Event: 263.249 Thread 0x000001cca40d29b0 Uncommon trap: trap_request=0xffffff45 fr.pc=0x000001cc90c3b334 relative=0x0000000000000734
Event: 263.249 Thread 0x000001cca40d29b0 Uncommon trap: reason=unstable_if action=reinterpret pc=0x000001cc90c3b334 method=org.gradle.internal.snapshot.PathUtil.equalChars(CCLorg/gradle/internal/snapshot/CaseSensitivity;)Z @ 11 c2
Event: 263.249 Thread 0x000001cca40d29b0 DEOPT PACKING pc=0x000001cc90c3b334 sp=0x0000006060bf2290
Event: 263.249 Thread 0x000001cca40d29b0 DEOPT UNPACKING pc=0x000001cc8fb64422 sp=0x0000006060bf21b0 mode 2
Event: 263.250 Thread 0x000001cca40d29b0 Uncommon trap: trap_request=0xffffff45 fr.pc=0x000001cc904df208 relative=0x0000000000000068
Event: 263.250 Thread 0x000001cca40d29b0 Uncommon trap: reason=unstable_if action=reinterpret pc=0x000001cc904df208 method=org.gradle.internal.snapshot.PathUtil.compareCharsIgnoringCase(CC)I @ 11 c2
Event: 263.250 Thread 0x000001cca40d29b0 DEOPT PACKING pc=0x000001cc904df208 sp=0x0000006060bf1f80
Event: 263.250 Thread 0x000001cca40d29b0 DEOPT UNPACKING pc=0x000001cc8fb64422 sp=0x0000006060bf1f20 mode 2
Event: 263.270 Thread 0x000001cca6138da0 DEOPT PACKING pc=0x000001cc892bbba5 sp=0x00000060654fb510
Event: 263.270 Thread 0x000001cca6138da0 DEOPT UNPACKING pc=0x000001cc8fb64bc2 sp=0x00000060654faa48 mode 0
Event: 263.886 Thread 0x000001cca613f6a0 Uncommon trap: trap_request=0xfffffff4 fr.pc=0x000001cc9056d198 relative=0x00000000000001d8
Event: 263.887 Thread 0x000001cca613f6a0 Uncommon trap: reason=null_check action=make_not_entrant pc=0x000001cc9056d198 method=org.gradle.api.internal.initialization.transform.InstrumentationAnalysisTransform$$Lambda/0x000000080096ade8.test(Ljava/lang/Object;)Z @ 1 c2
Event: 263.887 Thread 0x000001cca613f6a0 DEOPT PACKING pc=0x000001cc9056d198 sp=0x00000060659fb4c0
Event: 263.887 Thread 0x000001cca613f6a0 DEOPT UNPACKING pc=0x000001cc8fb64422 sp=0x00000060659fb470 mode 2
Event: 264.287 Thread 0x000001cca613f6a0 DEOPT PACKING pc=0x000001cc8b15aeba sp=0x00000060659fb6b0
Event: 264.287 Thread 0x000001cca613f6a0 DEOPT UNPACKING pc=0x000001cc8fb64bc2 sp=0x00000060659fab78 mode 0
Event: 264.662 Thread 0x000001cca6139430 DEOPT PACKING pc=0x000001cc8b15aeba sp=0x00000060655fb440
Event: 264.663 Thread 0x000001cca6139430 DEOPT UNPACKING pc=0x000001cc8fb64bc2 sp=0x00000060655fa908 mode 0
Event: 264.700 Thread 0x000001cca6138710 DEOPT PACKING pc=0x000001cc888069fb sp=0x00000060657fb5f0
Event: 264.700 Thread 0x000001cca6138710 DEOPT UNPACKING pc=0x000001cc8fb64bc2 sp=0x00000060657faab8 mode 0

Classes loaded (20 events):
Event: 142.210 Loading class sun/nio/cs/US_ASCII$Encoder
Event: 142.215 Loading class sun/nio/cs/US_ASCII$Encoder done
Event: 142.222 Loading class java/nio/file/attribute/FileTime$1
Event: 142.223 Loading class java/nio/file/attribute/FileTime$1 done
Event: 142.234 Loading class java/net/URLEncoder
Event: 142.235 Loading class java/net/URLEncoder done
Event: 202.677 Loading class java/util/concurrent/locks/ReentrantReadWriteLock$Sync$HoldCounter
Event: 202.694 Loading class java/util/concurrent/locks/ReentrantReadWriteLock$Sync$HoldCounter done
Event: 207.186 Loading class com/sun/org/apache/xerces/internal/util/EncodingMap
Event: 207.596 Loading class com/sun/org/apache/xerces/internal/util/EncodingMap done
Event: 207.684 Loading class sun/nio/cs/ISO_8859_1$Decoder
Event: 207.721 Loading class sun/nio/cs/ISO_8859_1$Decoder done
Event: 220.500 Loading class java/util/zip/GZIPInputStream$1
Event: 220.508 Loading class java/util/zip/GZIPInputStream$1 done
Event: 234.555 Loading class java/util/Collections$ReverseComparator
Event: 234.577 Loading class java/util/Collections$ReverseComparator done
Event: 234.578 Loading class java/util/Collections$ReverseComparator2
Event: 234.595 Loading class java/util/Collections$ReverseComparator2 done
Event: 253.766 Loading class java/util/concurrent/atomic/Striped64$Cell
Event: 253.810 Loading class java/util/concurrent/atomic/Striped64$Cell done

Classes unloaded (20 events):
Event: 21.936 Thread 0x000001cc9f16e9d0 Unloading class 0x00000008007dc568 '_BuildScript_$_run_closure1'
Event: 21.936 Thread 0x000001cc9f16e9d0 Unloading class 0x00000008007dc000 '_BuildScript_'
Event: 24.249 Thread 0x000001cc9f16e9d0 Unloading class 0x000000080088c988 '_BuildScript_$_run_closure1$_closure2'
Event: 24.249 Thread 0x000001cc9f16e9d0 Unloading class 0x000000080088c568 '_BuildScript_$_run_closure1'
Event: 24.249 Thread 0x000001cc9f16e9d0 Unloading class 0x000000080088c000 '_BuildScript_'
Event: 34.274 Thread 0x000001cc9f16e9d0 Unloading class 0x00000008009a1420 '_BuildScript_$_run_closure1$_closure2'
Event: 34.274 Thread 0x000001cc9f16e9d0 Unloading class 0x00000008009a1000 '_BuildScript_$_run_closure1'
Event: 34.274 Thread 0x000001cc9f16e9d0 Unloading class 0x00000008009a0800 '_BuildScript_'
Event: 34.274 Thread 0x000001cc9f16e9d0 Unloading class 0x000000080099c988 '_BuildScript_$_run_closure2'
Event: 34.274 Thread 0x000001cc9f16e9d0 Unloading class 0x000000080099c568 '_BuildScript_$_run_closure1'
Event: 34.274 Thread 0x000001cc9f16e9d0 Unloading class 0x000000080099c000 '_BuildScript_'
Event: 44.770 Thread 0x000001cc9f16e9d0 Unloading class 0x00000008009a9a08 '_BuildScript_$_run_closure1$_closure3'
Event: 44.770 Thread 0x000001cc9f16e9d0 Unloading class 0x00000008009a95e8 '_BuildScript_$_run_closure1$_closure2'
Event: 44.770 Thread 0x000001cc9f16e9d0 Unloading class 0x00000008009a91c8 '_BuildScript_$_run_closure1'
Event: 44.770 Thread 0x000001cc9f16e9d0 Unloading class 0x00000008009a8c60 '_BuildScript_'
Event: 44.770 Thread 0x000001cc9f16e9d0 Unloading class 0x00000008009a8840 'JetGradlePlugin$_apply_closure1$_closure2$_closure3'
Event: 44.770 Thread 0x000001cc9f16e9d0 Unloading class 0x00000008009a8420 'JetGradlePlugin$_apply_closure1$_closure2'
Event: 44.770 Thread 0x000001cc9f16e9d0 Unloading class 0x00000008009a8000 'JetGradlePlugin$_apply_closure1'
Event: 44.770 Thread 0x000001cc9f16e9d0 Unloading class 0x00000008009a0b00 'JetGradlePlugin'
Event: 44.770 Thread 0x000001cc9f16e9d0 Unloading class 0x00000008009a0800 'RegistryProcessor'

Classes redefined (0 events):
No events

Internal exceptions (20 events):
Event: 265.396 Thread 0x000001cca613bb90 Exception <a 'sun/nio/fs/WindowsException'{0x000000070c686ee8}> (0x000000070c686ee8) 
thrown [s\src\hotspot\share\prims\jni.cpp, line 537]
Event: 265.396 Thread 0x000001cca613bb90 Exception <a 'sun/nio/fs/WindowsException'{0x000000070c687fa8}> (0x000000070c687fa8) 
thrown [s\src\hotspot\share\prims\jni.cpp, line 537]
Event: 265.397 Thread 0x000001cca613bb90 Exception <a 'sun/nio/fs/WindowsException'{0x000000070c689180}> (0x000000070c689180) 
thrown [s\src\hotspot\share\prims\jni.cpp, line 537]
Event: 265.404 Thread 0x000001cca6138da0 Exception <a 'sun/nio/fs/WindowsException'{0x000000070c960fa0}> (0x000000070c960fa0) 
thrown [s\src\hotspot\share\prims\jni.cpp, line 537]
Event: 265.404 Thread 0x000001cca6139ac0 Exception <a 'sun/nio/fs/WindowsException'{0x000000070c91dfb0}> (0x000000070c91dfb0) 
thrown [s\src\hotspot\share\prims\jni.cpp, line 537]
Event: 265.404 Thread 0x000001cca6139ac0 Exception <a 'sun/nio/fs/WindowsException'{0x000000070c91ee40}> (0x000000070c91ee40) 
thrown [s\src\hotspot\share\prims\jni.cpp, line 537]
Event: 265.405 Thread 0x000001cca6139ac0 Exception <a 'sun/nio/fs/WindowsException'{0x000000070c91ff00}> (0x000000070c91ff00) 
thrown [s\src\hotspot\share\prims\jni.cpp, line 537]
Event: 265.405 Thread 0x000001cca6139ac0 Exception <a 'sun/nio/fs/WindowsException'{0x000000070c9210d8}> (0x000000070c9210d8) 
thrown [s\src\hotspot\share\prims\jni.cpp, line 537]
Event: 265.413 Thread 0x000001cca613e980 Exception <a 'sun/nio/fs/WindowsException'{0x000000070baf4738}> (0x000000070baf4738) 
thrown [s\src\hotspot\share\prims\jni.cpp, line 537]
Event: 265.413 Thread 0x000001cca613e980 Exception <a 'sun/nio/fs/WindowsException'{0x000000070baf55c8}> (0x000000070baf55c8) 
thrown [s\src\hotspot\share\prims\jni.cpp, line 537]
Event: 265.413 Thread 0x000001cca613e980 Exception <a 'sun/nio/fs/WindowsException'{0x000000070baf6688}> (0x000000070baf6688) 
thrown [s\src\hotspot\share\prims\jni.cpp, line 537]
Event: 265.414 Thread 0x000001cca613e980 Exception <a 'sun/nio/fs/WindowsException'{0x000000070baf7860}> (0x000000070baf7860) 
thrown [s\src\hotspot\share\prims\jni.cpp, line 537]
Event: 265.415 Thread 0x000001cca6139ac0 Exception <a 'sun/nio/fs/WindowsException'{0x000000070b7e7bb0}> (0x000000070b7e7bb0) 
thrown [s\src\hotspot\share\prims\jni.cpp, line 537]
Event: 265.415 Thread 0x000001cca6139ac0 Exception <a 'sun/nio/fs/WindowsException'{0x000000070b7e8d10}> (0x000000070b7e8d10) 
thrown [s\src\hotspot\share\prims\jni.cpp, line 537]
Event: 265.421 Thread 0x000001cca613e980 Exception <a 'sun/nio/fs/WindowsException'{0x000000070b57db60}> (0x000000070b57db60) 
thrown [s\src\hotspot\share\prims\jni.cpp, line 537]
Event: 265.421 Thread 0x000001cca613e980 Exception <a 'sun/nio/fs/WindowsException'{0x000000070b57ecc0}> (0x000000070b57ecc0) 
thrown [s\src\hotspot\share\prims\jni.cpp, line 537]
Event: 265.424 Thread 0x000001cca40d29b0 Exception <a 'sun/nio/fs/WindowsException'{0x000000070be70920}> (0x000000070be70920) 
thrown [s\src\hotspot\share\prims\jni.cpp, line 537]
Event: 265.429 Thread 0x000001cca6138710 Exception <a 'sun/nio/fs/WindowsException'{0x000000070cad5620}> (0x000000070cad5620) 
thrown [s\src\hotspot\share\prims\jni.cpp, line 537]
Event: 265.429 Thread 0x000001cca613bb90 Exception <a 'sun/nio/fs/WindowsException'{0x000000070b2865d8}> (0x000000070b2865d8) 
thrown [s\src\hotspot\share\prims\jni.cpp, line 537]
Event: 265.430 Thread 0x000001cca613bb90 Exception <a 'sun/nio/fs/WindowsException'{0x000000070b287738}> (0x000000070b287738) 
thrown [s\src\hotspot\share\prims\jni.cpp, line 537]

ZGC Phase Switch (0 events):
No events

VM Operations (20 events):
Event: 260.655 Executing VM operation: Cleanup done
Event: 261.661 Executing VM operation: Cleanup
Event: 261.661 Executing VM operation: Cleanup done
Event: 262.674 Executing VM operation: Cleanup
Event: 262.674 Executing VM operation: Cleanup done
Event: 263.683 Executing VM operation: Cleanup
Event: 263.698 Executing VM operation: Cleanup done
Event: 264.050 Executing VM operation: G1CollectForAllocation (G1 Evacuation Pause)
Event: 264.089 Executing VM operation: G1CollectForAllocation (G1 Evacuation Pause) done
Event: 264.100 Executing VM operation: G1TryInitiateConcMark (G1 Humongous Allocation)
Event: 264.100 Executing VM operation: G1TryInitiateConcMark (G1 Humongous Allocation) done
Event: 264.101 Executing VM operation: G1TryInitiateConcMark (G1 Humongous Allocation)
Event: 264.146 Executing VM operation: G1TryInitiateConcMark (G1 Humongous Allocation) done
Event: 264.525 Executing VM operation: G1CollectForAllocation (G1 Evacuation Pause)
Event: 264.533 Executing VM operation: G1CollectForAllocation (G1 Evacuation Pause) done
Event: 264.823 Executing VM operation: G1PauseRemark
Event: 265.161 Executing VM operation: G1PauseRemark done
Event: 265.212 Executing VM operation: G1PauseCleanup
Event: 265.214 Executing VM operation: G1PauseCleanup done
Event: 265.432 Executing VM operation: G1CollectForAllocation (G1 Evacuation Pause)

Memory protections (0 events):
No events

Nmethod flushes (20 events):
Event: 265.153 Thread 0x000001cc9f16e9d0 flushing  nmethod 0x000001cc8a45e810
Event: 265.153 Thread 0x000001cc9f16e9d0 flushing  nmethod 0x000001cc8a45ec10
Event: 265.153 Thread 0x000001cc9f16e9d0 flushing  nmethod 0x000001cc8a463390
Event: 265.153 Thread 0x000001cc9f16e9d0 flushing  nmethod 0x000001cc8a46bb10
Event: 265.153 Thread 0x000001cc9f16e9d0 flushing  nmethod 0x000001cc8a472f90
Event: 265.153 Thread 0x000001cc9f16e9d0 flushing  nmethod 0x000001cc8a534210
Event: 265.153 Thread 0x000001cc9f16e9d0 flushing  nmethod 0x000001cc8a67fb90
Event: 265.154 Thread 0x000001cc9f16e9d0 flushing  nmethod 0x000001cc8aa5d610
Event: 265.154 Thread 0x000001cc9f16e9d0 flushing  nmethod 0x000001cc8ab14d10
Event: 265.154 Thread 0x000001cc9f16e9d0 flushing  nmethod 0x000001cc8ab16110
Event: 265.154 Thread 0x000001cc9f16e9d0 flushing  nmethod 0x000001cc8ab17010
Event: 265.154 Thread 0x000001cc9f16e9d0 flushing  nmethod 0x000001cc8ab1b410
Event: 265.154 Thread 0x000001cc9f16e9d0 flushing  nmethod 0x000001cc8ab21790
Event: 265.154 Thread 0x000001cc9f16e9d0 flushing  nmethod 0x000001cc8ab22490
Event: 265.154 Thread 0x000001cc9f16e9d0 flushing  nmethod 0x000001cc8ab2df90
Event: 265.154 Thread 0x000001cc9f16e9d0 flushing  nmethod 0x000001cc8ab31810
Event: 265.154 Thread 0x000001cc9f16e9d0 flushing  nmethod 0x000001cc8ab3b810
Event: 265.154 Thread 0x000001cc9f16e9d0 flushing  nmethod 0x000001cc8ab3d810
Event: 265.154 Thread 0x000001cc9f16e9d0 flushing  nmethod 0x000001cc8ab87490
Event: 265.154 Thread 0x000001cc9f16e9d0 flushing  nmethod 0x000001cc8ab8a890

Events (20 events):
Event: 238.757 Thread 0x000001cca40d29b0 Thread added: 0x000001cca73330a0
Event: 238.757 Thread 0x000001cca40d29b0 Thread added: 0x000001cca7334450
Event: 246.336 Thread 0x000001cca40d29b0 Thread added: 0x000001cca7335e90
Event: 246.340 Thread 0x000001cca40d29b0 Thread added: 0x000001cca7335800
Event: 251.534 Thread 0x000001cca40d29b0 Thread added: 0x000001cca7334ae0
Event: 251.535 Thread 0x000001cca40d29b0 Thread added: 0x000001cca7335170
Event: 251.535 Thread 0x000001cca40d29b0 Thread added: 0x000001cca7336520
Event: 251.536 Thread 0x000001cca40d29b0 Thread added: 0x000001cca613a7e0
Event: 251.537 Thread 0x000001cca40d29b0 Thread added: 0x000001cca613a150
Event: 251.539 Thread 0x000001cca40d29b0 Thread added: 0x000001cca613ae70
Event: 251.540 Thread 0x000001cca40d29b0 Thread added: 0x000001cca613b500
Event: 263.219 Thread 0x000001cca40d29b0 Thread added: 0x000001cca613bb90
Event: 263.247 Thread 0x000001cca40d29b0 Thread added: 0x000001cca6138da0
Event: 263.250 Thread 0x000001cca40d29b0 Thread added: 0x000001cca6139430
Event: 263.254 Thread 0x000001cca40d29b0 Thread added: 0x000001cca6139ac0
Event: 263.295 Thread 0x000001cca40d29b0 Thread added: 0x000001cca6138710
Event: 263.299 Thread 0x000001cca40d29b0 Thread added: 0x000001cca613e980
Event: 263.306 Thread 0x000001cca40d29b0 Thread added: 0x000001cca613f6a0
Event: 263.316 Thread 0x000001cc9f5b18e0 Thread added: 0x000001cca6bdbe00
Event: 263.864 Thread 0x000001cca6bdbe00 Thread exited: 0x000001cca6bdbe00


Dynamic libraries:
0x00007ff6e8400000 - 0x00007ff6e840a000 	D:\Android Studio\jbr\bin\java.exe
0x00007ff904d20000 - 0x00007ff904f87000 	C:\WINDOWS\SYSTEM32\ntdll.dll
0x00007ff902ab0000 - 0x00007ff902b79000 	C:\WINDOWS\System32\KERNEL32.DLL
0x00007ff9015f0000 - 0x00007ff9019e4000 	C:\WINDOWS\System32\KERNELBASE.dll
0x00007ff902730000 - 0x00007ff90287b000 	C:\WINDOWS\System32\ucrtbase.dll
0x00007ff8f30d0000 - 0x00007ff8f30eb000 	D:\Android Studio\jbr\bin\VCRUNTIME140.dll
0x00007ff8ec6e0000 - 0x00007ff8ec6f8000 	D:\Android Studio\jbr\bin\jli.dll
0x00007ff902c10000 - 0x00007ff902dd5000 	C:\WINDOWS\System32\USER32.dll
0x00007ff902880000 - 0x00007ff9028a7000 	C:\WINDOWS\System32\win32u.dll
0x00007ff8eebd0000 - 0x00007ff8eee63000 	C:\WINDOWS\WinSxS\amd64_microsoft.windows.common-controls_6595b64144ccf1df_6.0.26100.8115_none_3e075c82e3354f9c\COMCTL32.dll
0x00007ff9044c0000 - 0x00007ff9044eb000 	C:\WINDOWS\System32\GDI32.dll
0x00007ff902260000 - 0x00007ff90238b000 	C:\WINDOWS\System32\gdi32full.dll
0x00007ff903b10000 - 0x00007ff903bb9000 	C:\WINDOWS\System32\msvcrt.dll
0x00007ff902940000 - 0x00007ff9029e3000 	C:\WINDOWS\System32\msvcp_win.dll
0x00007ff903930000 - 0x00007ff903962000 	C:\WINDOWS\System32\IMM32.DLL
0x0000000055cb0000 - 0x0000000055cbc000 	C:\Program Files (x86)\360\Total Security\safemon\SafeWrapper.dll
0x00007ff903870000 - 0x00007ff903926000 	C:\WINDOWS\System32\ADVAPI32.dll
0x00007ff904610000 - 0x00007ff9046b7000 	C:\WINDOWS\System32\sechost.dll
0x00007ff9044f0000 - 0x00007ff904608000 	C:\WINDOWS\System32\RPCRT4.dll
0x00007ff89b560000 - 0x00007ff89b60c000 	C:\Program Files (x86)\360\Total Security\safemon\libzdtp64.dll
0x00007ff902f20000 - 0x00007ff903687000 	C:\WINDOWS\System32\SHELL32.dll
0x00007ff902390000 - 0x00007ff9024fa000 	C:\WINDOWS\System32\wintypes.dll
0x00007ff904950000 - 0x00007ff904cd2000 	C:\WINDOWS\System32\combase.dll
0x00007ff9043f0000 - 0x00007ff904456000 	C:\WINDOWS\System32\SHLWAPI.dll
0x00007ff9019f0000 - 0x00007ff902258000 	C:\WINDOWS\System32\Windows.Storage.dll
0x00007ff9010d0000 - 0x00007ff9010db000 	C:\WINDOWS\SYSTEM32\VERSION.dll
0x00007ff8f59e0000 - 0x00007ff8f59ec000 	D:\Android Studio\jbr\bin\vcruntime140_1.dll
0x00007ff89bde0000 - 0x00007ff89be6d000 	D:\Android Studio\jbr\bin\msvcp140.dll
0x00007ff845970000 - 0x00007ff846606000 	D:\Android Studio\jbr\bin\server\jvm.dll
0x00007ff9048a0000 - 0x00007ff904920000 	C:\WINDOWS\System32\WS2_32.dll
0x00007ff901450000 - 0x00007ff9014ae000 	C:\WINDOWS\SYSTEM32\POWRPROF.dll
0x00007ff8f8ba0000 - 0x00007ff8f8bd6000 	C:\WINDOWS\SYSTEM32\WINMM.dll
0x00007ff901430000 - 0x00007ff901444000 	C:\WINDOWS\SYSTEM32\UMPDC.dll
0x00007ff900310000 - 0x00007ff90032b000 	C:\WINDOWS\SYSTEM32\kernel.appcore.dll
0x00007ff8f2c30000 - 0x00007ff8f2c3a000 	D:\Android Studio\jbr\bin\jimage.dll
0x00007ff8f4360000 - 0x00007ff8f45a2000 	C:\WINDOWS\SYSTEM32\DBGHELP.DLL
0x00007ff904210000 - 0x00007ff9042e8000 	C:\WINDOWS\System32\OLEAUT32.dll
0x00007ff8f08b0000 - 0x00007ff8f08eb000 	C:\WINDOWS\SYSTEM32\dbgcore.DLL
0x00007ff902500000 - 0x00007ff9025a5000 	C:\WINDOWS\System32\bcryptPrimitives.dll
0x00007ff8e81f0000 - 0x00007ff8e81fe000 	D:\Android Studio\jbr\bin\instrument.dll
0x00007ff8e29e0000 - 0x00007ff8e2a00000 	D:\Android Studio\jbr\bin\java.dll
0x00007ff8d7a80000 - 0x00007ff8d7a98000 	D:\Android Studio\jbr\bin\zip.dll
0x00007ff903770000 - 0x00007ff903868000 	C:\WINDOWS\System32\SHCORE.dll
0x00007ff901510000 - 0x00007ff901539000 	C:\WINDOWS\SYSTEM32\profapi.dll
0x00007ff8e6340000 - 0x00007ff8e6350000 	D:\Android Studio\jbr\bin\net.dll
0x00007ff8f83d0000 - 0x00007ff8f84fd000 	C:\WINDOWS\SYSTEM32\WINHTTP.dll
0x00007ff900880000 - 0x00007ff9008ec000 	C:\WINDOWS\system32\mswsock.dll
0x00007ff8d79d0000 - 0x00007ff8d79e6000 	D:\Android Studio\jbr\bin\nio.dll
0x00007ff8e2850000 - 0x00007ff8e2860000 	D:\Android Studio\jbr\bin\verify.dll
0x00007ff8eea40000 - 0x00007ff8eea67000 	C:\Users\LENOVO\.gradle\native\c067742578af261105cb4f569cf0c3c89f3d7b1fecec35dd04571415982c5e48\windows-amd64\native-platform.dll
0x00007ff8e57d0000 - 0x00007ff8e5914000 	C:\Users\LENOVO\.gradle\native\100fb08df4bc3b14c8652ba06237920a3bd2aa13389f12d3474272988ae205f9\windows-amd64\native-platform-file-events.dll
0x00007ff8d98d0000 - 0x00007ff8d98d9000 	D:\Android Studio\jbr\bin\management.dll
0x00007ff8d7a70000 - 0x00007ff8d7a7b000 	D:\Android Studio\jbr\bin\management_ext.dll
0x00007ff903bc0000 - 0x00007ff903bc8000 	C:\WINDOWS\System32\PSAPI.DLL
0x00007ff900b60000 - 0x00007ff900b7b000 	C:\WINDOWS\SYSTEM32\CRYPTSP.dll
0x00007ff900270000 - 0x00007ff9002a9000 	C:\WINDOWS\system32\rsaenh.dll
0x00007ff900930000 - 0x00007ff900963000 	C:\WINDOWS\SYSTEM32\USERENV.dll
0x00007ff9014e0000 - 0x00007ff90150a000 	C:\WINDOWS\SYSTEM32\bcrypt.dll
0x00007ff900b80000 - 0x00007ff900b8c000 	C:\WINDOWS\SYSTEM32\CRYPTBASE.dll
0x00007ff8ffcf0000 - 0x00007ff8ffd22000 	C:\WINDOWS\SYSTEM32\IPHLPAPI.DLL
0x00007ff903760000 - 0x00007ff90376a000 	C:\WINDOWS\System32\NSI.dll
0x00007ff8e2310000 - 0x00007ff8e2319000 	D:\Android Studio\jbr\bin\extnet.dll
0x00007ff897c70000 - 0x00007ff897c78000 	C:\WINDOWS\system32\wshunix.dll
0x00007ff900430000 - 0x00007ff900466000 	C:\WINDOWS\SYSTEM32\ntmarta.dll
0x00007ff8ffd80000 - 0x00007ff8ffeb2000 	C:\WINDOWS\SYSTEM32\DNSAPI.dll
0x00007ff8f7740000 - 0x00007ff8f774b000 	C:\Windows\System32\rasadhlp.dll
0x00007ff8f8c20000 - 0x00007ff8f8ca6000 	C:\WINDOWS\System32\fwpuclnt.dll

JVMTI agents:
C:\Users\LENOVO\.gradle\wrapper\dists\gradle-8.10.2-all\7iv73wktx1xtkvlq19urqw1wm\gradle-8.10.2\lib\agents\gradle-instrumentation-agent-8.10.2.jar path:D:\Android Studio\jbr\bin\instrument.dll, loaded, initialized, instrumentlib options:none

dbghelp: loaded successfully - version: 4.0.5 - missing functions: none
symbol engine: initialized successfully - sym options: 0x614 - pdb path: .;D:\Android Studio\jbr\bin;C:\WINDOWS\SYSTEM32;C:\WINDOWS\WinSxS\amd64_microsoft.windows.common-controls_6595b64144ccf1df_6.0.26100.8115_none_3e075c82e3354f9c;C:\Program Files (x86)\360\Total Security\safemon;D:\Android Studio\jbr\bin\server;C:\Users\LENOVO\.gradle\native\c067742578af261105cb4f569cf0c3c89f3d7b1fecec35dd04571415982c5e48\windows-amd64;C:\Users\LENOVO\.gradle\native\100fb08df4bc3b14c8652ba06237920a3bd2aa13389f12d3474272988ae205f9\windows-amd64

VM Arguments:
jvm_args: --add-opens=java.base/java.util=ALL-UNNAMED --add-opens=java.base/java.lang=ALL-UNNAMED --add-opens=java.base/java.lang.invoke=ALL-UNNAMED --add-opens=java.prefs/java.util.prefs=ALL-UNNAMED --add-exports=jdk.compiler/com.sun.tools.javac.api=ALL-UNNAMED --add-exports=jdk.compiler/com.sun.tools.javac.util=ALL-UNNAMED --add-opens=java.base/java.nio.charset=ALL-UNNAMED --add-opens=java.base/java.net=ALL-UNNAMED --add-opens=java.base/java.util.concurrent.atomic=ALL-UNNAMED -Xmx4096M -Dfile.encoding=UTF-8 -Duser.country=ID -Duser.language=en -Duser.variant -javaagent:C:\Users\LENOVO\.gradle\wrapper\dists\gradle-8.10.2-all\7iv73wktx1xtkvlq19urqw1wm\gradle-8.10.2\lib\agents\gradle-instrumentation-agent-8.10.2.jar 
java_command: org.gradle.launcher.daemon.bootstrap.GradleDaemon 8.10.2
java_class_path (initial): C:\Users\LENOVO\.gradle\wrapper\dists\gradle-8.10.2-all\7iv73wktx1xtkvlq19urqw1wm\gradle-8.10.2\lib\gradle-daemon-main-8.10.2.jar
Launcher Type: SUN_STANDARD

[Global flags]
     intx CICompilerCount                          = 4                                         {product} {ergonomic}
     uint ConcGCThreads                            = 2                                         {product} {ergonomic}
     uint G1ConcRefinementThreads                  = 8                                         {product} {ergonomic}
   size_t G1HeapRegionSize                         = 2097152                                   {product} {ergonomic}
    uintx GCDrainStackTargetSize                   = 64                                        {product} {ergonomic}
   size_t InitialHeapSize                          = 96468992                                  {product} {ergonomic}
   size_t MarkStackSize                            = 4194304                                   {product} {ergonomic}
   size_t MaxHeapSize                              = 4294967296                                {product} {command line}
   size_t MaxNewSize                               = 2575302656                                {product} {ergonomic}
   size_t MinHeapDeltaBytes                        = 2097152                                   {product} {ergonomic}
   size_t MinHeapSize                              = 8388608                                   {product} {ergonomic}
    uintx NonNMethodCodeHeapSize                   = 5839372                                {pd product} {ergonomic}
    uintx NonProfiledCodeHeapSize                  = 122909434                              {pd product} {ergonomic}
    uintx ProfiledCodeHeapSize                     = 122909434                              {pd product} {ergonomic}
    uintx ReservedCodeCacheSize                    = 251658240                              {pd product} {ergonomic}
     bool SegmentedCodeCache                       = true                                      {product} {ergonomic}
   size_t SoftMaxHeapSize                          = 4294967296                             {manageable} {ergonomic}
     bool UseCompressedOops                        = true                           {product lp64_product} {ergonomic}
     bool UseG1GC                                  = true                                      {product} {ergonomic}
     bool UseLargePagesIndividualAllocation        = false                                  {pd product} {ergonomic}

Logging:
Log output configuration:
 #0: stdout all=warning uptime,level,tags foldmultilines=false
 #1: stderr all=off uptime,level,tags foldmultilines=false

Release file:
JAVA_VERSION="21.0.9" 
MODULES="java.base java.compiler java.datatransfer java.xml java.prefs java.desktop java.instrument java.logging java.management java.security.sasl java.naming java.rmi java.management.rmi java.net.http java.scripting java.security.jgss java.transaction.xa java.sql java.sql.rowset java.xml.crypto java.se java.smartcardio jdk.accessibility jdk.internal.jvmstat jdk.attach jdk.charsets jdk.internal.opt jdk.zipfs jdk.compiler jdk.crypto.ec jdk.crypto.cryptoki jdk.dynalink jdk.hotspot.agent jdk.httpserver jdk.internal.ed jdk.internal.le jdk.internal.vm.ci jdk.jartool jdk.javadoc jdk.jcmd jdk.jdeps jdk.jdwp.agent jdk.jdi jdk.jfr jdk.jlink jdk.jsobject jdk.localedata jdk.management jdk.management.agent jdk.management.jfr jdk.naming.dns jdk.naming.rmi jdk.net jdk.sctp jdk.security.auth jdk.security.jgss jdk.unsupported jdk.unsupported.desktop jdk.xml.dom" 
IMPLEMENTOR="JetBrains s.r.o." 
JAVA_RUNTIME_VERSION="21.0.9+-14649483-b1163.86" 
LIBC="default" 
OS_ARCH="x86_64" 
OS_NAME="Windows" 
SOURCE=".:git:554d0c326095" 

Environment Variables:
PATH=C:\WINDOWS\system32;C:\WINDOWS;C:\WINDOWS\System32\Wbem;C:\WINDOWS\System32\WindowsPowerShell\v1.0\;C:\WINDOWS\System32\OpenSSH\;C:\Users\LENOVO\Downloads\php-8.4.13-nts-Win32-vs17-x64;C:\composer;C:\php-8.4.13;C:\Program Files\nodejs\;D:\Git\cmd;C:\Program Files\PostgreSQL\18\bin;C:\Users\LENOVO\AppData\Local\Microsoft\WindowsApps;C:\Users\LENOVO\AppData\Local\Programs\Microsoft VS Code\bin;C:\Users\LENOVO\AppData\Roaming\Composer\vendor\bin;C:\Users\LENOVO\AppData\Roaming\npm;C:\Program Files\PostgreSQL\18\bin;
USERNAME=LENOVO
OS=Windows_NT
PROCESSOR_IDENTIFIER=AMD64 Family 23 Model 160 Stepping 0, AuthenticAMD
TMP=C:\Users\LENOVO\AppData\Local\Temp
TEMP=C:\Users\LENOVO\AppData\Local\Temp




Periodic native trim disabled

JNI global refs:
JNI global refs: 29, weak refs: 2

JNI global refs memory usage: 835, weak refs: 833

Process memory usage:
Resident Set Size: 566372K (9% of 6018300K total physical memory with 462540K free physical memory)

OOME stack traces (most recent first):
Classloader memory used:
Loader org.gradle.internal.classloader.VisitableURLClassLoader                         : 106M
Loader bootstrap                                                                       : 33513K
Loader org.gradle.initialization.MixInLegacyTypesClassLoader                           : 13557K
Loader jdk.internal.loader.ClassLoaders$AppClassLoader                                 : 8320K
Loader org.gradle.internal.classloader.VisitableURLClassLoader                         : 1174K
Loader jdk.internal.loader.ClassLoaders$PlatformClassLoader                            : 1003K
Loader org.gradle.internal.classloader.VisitableURLClassLoader$InstrumentingVisitableURLClassLoader: 739K
Loader jdk.internal.jrtfs.JrtFileSystemProvider$JrtFsLoader                            : 339K
Loader jdk.internal.reflect.DelegatingClassLoader                                      : 314K
Loader org.gradle.groovy.scripts.internal.DefaultScriptCompilationHandler$ScriptClassLoader: 90384B
Loader org.codehaus.groovy.runtime.callsite.CallSiteClassLoader                        : 49032B

Classes loaded by more than one classloader:
Class org.gradle.internal.IoActions                                                   : loaded 3 times (x 71B)
Class org.gradle.api.Action                                                           : loaded 3 times (x 70B)
Class org.gradle.internal.Cast                                                        : loaded 3 times (x 71B)
Class org.gradle.api.GradleException                                                  : loaded 3 times (x 82B)
Class Program                                                                         : loaded 3 times (x 72B)
Class jdk.internal.jimage.decompressor.StringSharingDecompressorFactory               : loaded 2 times (x 74B)
Class com.google.common.collect.UnmodifiableListIterator                              : loaded 2 times (x 95B)
Class org.gradle.internal.operations.MultipleBuildOperationFailures                   : loaded 2 times (x 95B)
Class org.gradle.internal.classloader.DefaultClassLoaderFactory                       : loaded 2 times (x 82B)
Class kotlin.collections.AbstractList$Companion                                       : loaded 2 times (x 71B)
Class org.gradle.internal.classloader.ClassLoaderVisitor                              : loaded 2 times (x 76B)
Class org.gradle.api.internal.classpath.EffectiveClassPath                            : loaded 2 times (x 90B)
Class org.gradle.tooling.internal.gradle.DefaultProjectIdentifier                     : loaded 2 times (x 86B)
Class org.gradle.api.internal.DefaultClassPathProvider                                : loaded 2 times (x 76B)
Class [Lorg.gradle.api.internal.ClassPathProvider;                                    : loaded 2 times (x 69B)
Class org.gradle.api.internal.ClassPathProvider                                       : loaded 2 times (x 70B)
Class jdk.internal.jrtfs.SystemImage                                                  : loaded 2 times (x 74B)
Class org.gradle.internal.service.UnknownServiceException                             : loaded 2 times (x 83B)
Class sync_studio_tooling15079_6zxcmq8104qtrzmh1adyrv33c                              : loaded 2 times (x 179B)
Class jdk.internal.jimage.ImageReader$LinkNode                                        : loaded 2 times (x 84B)
Class org.gradle.internal.classpath.TransformedClassPath                              : loaded 2 times (x 96B)
Class org.gradle.internal.classloader.InstrumentingClassLoader                        : loaded 2 times (x 70B)
Class jdk.internal.jrtfs.SystemImage$1                                                : loaded 2 times (x 78B)
Class com.google.common.collect.Iterators$ArrayItr                                    : loaded 2 times (x 97B)
Class kotlin.enums.EnumEntriesList                                                    : loaded 2 times (x 223B)
Class jdk.internal.jrtfs.SystemImage$2                                                : loaded 2 times (x 76B)
Class com.google.common.collect.UnmodifiableIterator                                  : loaded 2 times (x 80B)
Class org.gradle.internal.service.ServiceLocator                                      : loaded 2 times (x 70B)
Class Settings_gradle$1$1$1$1                                                         : loaded 2 times (x 74B)
Class jdk.internal.jrtfs.JrtFileSystemProvider                                        : loaded 2 times (x 101B)
Class com.intellij.gradle.toolingExtension.util.GradleVersionUtil                     : loaded 2 times (x 71B)
Class org.gradle.tooling.model.UnsupportedMethodException                             : loaded 2 times (x 82B)
Class com.google.common.collect.Iterators                                             : loaded 2 times (x 71B)
Class jdk.internal.jimage.ImageLocation                                               : loaded 2 times (x 90B)
Class jdk.internal.jrtfs.JrtDirectoryStream$1                                         : loaded 2 times (x 83B)
Class com.google.common.collect.Lists$StringAsImmutableList                           : loaded 2 times (x 207B)
Class org.gradle.internal.InternalTransformer                                         : loaded 2 times (x 70B)
Class jdk.internal.jimage.ImageBufferCache$1                                          : loaded 2 times (x 83B)
Class org.gradle.internal.time.DefaultTimer                                           : loaded 2 times (x 80B)
Class org.gradle.internal.classloader.ClasspathUtil$1                                 : loaded 2 times (x 76B)
Class jdk.internal.jimage.ImageBufferCache$2                                          : loaded 2 times (x 91B)
Class org.gradle.api.internal.classpath.DefaultModuleRegistry$DefaultModule           : loaded 2 times (x 86B)
Class com.google.common.collect.AbstractIterator                                      : loaded 2 times (x 82B)
Class com.google.common.collect.AbstractIndexedListIterator                           : loaded 2 times (x 96B)
Class org.gradle.internal.time.DefaultCountdownTimer                                  : loaded 2 times (x 88B)
Class org.gradle.tooling.internal.gradle.DefaultBuildIdentifier                       : loaded 2 times (x 79B)
Class org.gradle.api.internal.classpath.Module                                        : loaded 2 times (x 70B)
Class org.gradle.api.internal.classpath.UnknownModuleException                        : loaded 2 times (x 82B)
Class jdk.internal.jimage.ImageHeader                                                 : loaded 2 times (x 71B)
Class org.gradle.tooling.internal.gradle.GradleProjectIdentity                        : loaded 2 times (x 70B)
Class org.gradle.api.internal.DefaultClassPathRegistry                                : loaded 2 times (x 76B)
Class org.gradle.api.internal.ClassPathRegistry                                       : loaded 2 times (x 70B)
Class org.gradle.internal.classpath.DefaultClassPath$ImmutableUniqueList              : loaded 2 times (x 199B)
Class jdk.internal.jimage.decompressor.ResourceDecompressor                           : loaded 2 times (x 70B)
Class org.gradle.api.internal.classpath.ManifestUtil                                  : loaded 2 times (x 71B)
Class Settings_gradle$1                                                               : loaded 2 times (x 75B)
Class org.gradle.internal.classpath.ClassPath                                         : loaded 2 times (x 70B)
Class org.gradle.internal.classloader.ClassLoaderHierarchy                            : loaded 2 times (x 70B)
Class jdk.internal.jimage.ImageStringsReader                                          : loaded 2 times (x 80B)
Class com.google.common.collect.Iterators$1                                           : loaded 2 times (x 81B)
Class org.gradle.tooling.model.Model                                                  : loaded 2 times (x 70B)
Class kotlin.UninitializedPropertyAccessException                                     : loaded 2 times (x 82B)
Class jdk.internal.jimage.ImageReader                                                 : loaded 2 times (x 75B)
Class jdk.internal.jimage.ImageReader$SharedImageReader                               : loaded 2 times (x 95B)
Class com.google.common.collect.Iterators$4                                           : loaded 2 times (x 82B)
Class org.gradle.internal.installation.GradleInstallation$1                           : loaded 2 times (x 75B)
Class org.gradle.api.internal.classpath.ModuleRegistry                                : loaded 2 times (x 70B)
Class jdk.internal.jimage.decompressor.ResourceDecompressorFactory                    : loaded 2 times (x 74B)
Class com.google.common.collect.Iterators$5                                           : loaded 2 times (x 82B)
Class jdk.internal.jimage.ImageReader$Node                                            : loaded 2 times (x 84B)
Class com.google.common.collect.ImmutableCollection                                   : loaded 2 times (x 125B)
Class org.gradle.api.internal.classpath.DefaultModuleRegistry                         : loaded 2 times (x 86B)
Class jdk.internal.jimage.BasicImageReader$1                                          : loaded 2 times (x 77B)
Class com.google.common.collect.Lists                                                 : loaded 2 times (x 71B)
Class com.google.common.collect.Iterators$9                                           : loaded 2 times (x 81B)
Class jdk.internal.jimage.decompressor.Decompressor                                   : loaded 2 times (x 72B)
Class jdk.internal.jimage.ImageReader$Resource                                        : loaded 2 times (x 84B)
Class org.gradle.internal.time.MonotonicClock                                         : loaded 2 times (x 77B)
Class org.gradle.internal.service.ServiceLookupException                              : loaded 2 times (x 82B)
Class jdk.internal.jrtfs.JrtFileAttributes                                            : loaded 2 times (x 83B)
Class org.gradle.internal.classloader.ClassLoaderFactory                              : loaded 2 times (x 70B)
Class org.gradle.internal.service.CachingServiceLocator                               : loaded 2 times (x 82B)
Class org.gradle.internal.time.TimeSource                                             : loaded 2 times (x 70B)
Class org.gradle.tooling.internal.gradle.GradleBuildIdentity                          : loaded 2 times (x 70B)
Class kotlin.enums.EnumEntries                                                        : loaded 2 times (x 70B)
Class org.gradle.internal.exceptions.ResolutionProvider                               : loaded 2 times (x 70B)
Class jdk.internal.jimage.ImageBufferCache                                            : loaded 2 times (x 71B)
Class jdk.internal.jrtfs.JrtPath                                                      : loaded 2 times (x 118B)
Class org.gradle.tooling.model.ProjectIdentifier                                      : loaded 2 times (x 70B)
Class org.gradle.internal.classloader.ClasspathUtil                                   : loaded 2 times (x 71B)
Class org.gradle.internal.time.TimeSource$1                                           : loaded 2 times (x 77B)
Class kotlin.jvm.internal.DefaultConstructorMarker                                    : loaded 2 times (x 71B)
Class org.gradle.api.specs.Spec                                                       : loaded 2 times (x 70B)
Class jdk.internal.jimage.ImageReader$SharedImageReader$LocationVisitor               : loaded 2 times (x 70B)
Class jdk.internal.jimage.decompressor.ResourceDecompressorRepository                 : loaded 2 times (x 71B)
Class com.intellij.gradle.toolingExtension.impl.model.utilDummyModel.DummyModel       : loaded 2 times (x 70B)
Class org.gradle.internal.time.Clock                                                  : loaded 2 times (x 70B)
Class jdk.internal.jimage.ImageReader$Directory                                       : loaded 2 times (x 84B)
Class ijInit1_8w0z37xcfji5fdcaxaciv8rk7                                               : loaded 2 times (x 179B)
Class kotlin.collections.AbstractList                                                 : loaded 2 times (x 197B)
Class kotlin.collections.AbstractCollection                                           : loaded 2 times (x 117B)
Class org.gradle.internal.classloader.VisitableURLClassLoader$InstrumentingVisitableURLClassLoader: loaded 2 times (x 123B)
Class org.gradle.internal.classloader.VisitableURLClassLoader$Spec                    : loaded 2 times (x 74B)
Class org.gradle.internal.classpath.DefaultClassPath                                  : loaded 2 times (x 90B)
Class jdk.internal.jimage.decompressor.ZipDecompressorFactory                         : loaded 2 times (x 74B)
Class org.gradle.util.internal.DefaultGradleVersion                                   : loaded 2 times (x 82B)
Class org.gradle.internal.classloader.ClassLoaderSpec                                 : loaded 2 times (x 71B)
Class Settings_gradle$1$1                                                             : loaded 2 times (x 75B)
Class org.gradle.internal.classloader.VisitableURLClassLoader                         : loaded 2 times (x 117B)
Class Settings_gradle                                                                 : loaded 2 times (x 128B)
Class jdk.internal.jimage.BasicImageReader                                            : loaded 2 times (x 95B)
Class org.gradle.internal.classloader.FilteringClassLoader                            : loaded 2 times (x 105B)
Class jdk.internal.jimage.decompressor.ZipDecompressor                                : loaded 2 times (x 75B)
Class org.gradle.internal.classpath.DefaultClassPath$ImmutableUniqueList$Builder      : loaded 2 times (x 75B)
Class org.gradle.api.UncheckedIOException                                             : loaded 2 times (x 82B)
Class org.gradle.internal.exceptions.NonGradleCauseExceptionsHolder                   : loaded 2 times (x 70B)
Class jdk.internal.jimage.ImageStrings                                                : loaded 2 times (x 70B)
Class kotlin.NotImplementedError                                                      : loaded 2 times (x 82B)
Class kotlin.enums.EnumEntriesKt                                                      : loaded 2 times (x 71B)
Class org.gradle.internal.classloader.SystemClassLoaderSpec                           : loaded 2 times (x 71B)
Class org.gradle.internal.exceptions.MultiCauseException                              : loaded 2 times (x 70B)
Class org.gradle.internal.time.CountdownTimer                                         : loaded 2 times (x 70B)
Class kotlin.jvm.internal.Intrinsics                                                  : loaded 2 times (x 71B)
Class jdk.internal.jrtfs.JrtFileSystem                                                : loaded 2 times (x 102B)
Class org.gradle.tooling.model.ProjectModel                                           : loaded 2 times (x 70B)
Class jdk.internal.jimage.decompressor.CompressedResourceHeader                       : loaded 2 times (x 71B)
Class kotlin.KotlinNullPointerException                                               : loaded 2 times (x 83B)
Class org.gradle.internal.exceptions.DefaultMultiCauseException                       : loaded 2 times (x 95B)
Class com.google.common.base.Preconditions                                            : loaded 2 times (x 71B)
Class com.google.common.collect.PeekingIterator                                       : loaded 2 times (x 70B)
Class org.gradle.internal.time.Time                                                   : loaded 2 times (x 71B)
Class org.gradle.api.internal.classpath.GlobalCacheRootsProvider                      : loaded 2 times (x 70B)
Class org.gradle.tooling.model.BuildIdentifier                                        : loaded 2 times (x 70B)
Class kotlin.NoWhenBranchMatchedException                                             : loaded 2 times (x 82B)
Class Settings_gradle$1$1$1                                                           : loaded 2 times (x 74B)
Class Settings_gradle$1$1$2                                                           : loaded 2 times (x 75B)
Class org.gradle.internal.time.Timer                                                  : loaded 2 times (x 70B)
Class kotlin.jvm.internal.markers.KMappedMarker                                       : loaded 2 times (x 70B)
Class org.gradle.internal.installation.CurrentGradleInstallationLocator               : loaded 2 times (x 71B)
Class com.google.common.collect.ImmutableList                                         : loaded 2 times (x 206B)
Class org.gradle.internal.service.DefaultServiceLocator                               : loaded 2 times (x 83B)
Class jdk.internal.jrtfs.JrtDirectoryStream                                           : loaded 2 times (x 89B)
Class org.gradle.util.GradleVersion                                                   : loaded 2 times (x 81B)
Class org.gradle.internal.installation.CurrentGradleInstallation                      : loaded 2 times (x 73B)
Class org.gradle.util.internal.GUtil                                                  : loaded 2 times (x 71B)
Class com.google.common.collect.Iterators$MergingIterator                             : loaded 2 times (x 81B)
Class org.gradle.internal.installation.GradleInstallation                             : loaded 2 times (x 75B)
Class jdk.internal.jimage.decompressor.ResourceDecompressor$StringsProvider           : loaded 2 times (x 70B)

---------------  S Y S T E M  ---------------

OS:
 Windows 11 , 64 bit Build 26100 (10.0.26100.8246)
OS uptime: 0 days 2:35 hours
Hyper-V role detected

CPU: total 8 (initial active 8) (8 cores per cpu, 2 threads per core) family 23 model 160 stepping 0 microcode 0x8a00006, cx8, cmov, fxsr, ht, mmx, 3dnowpref, sse, sse2, sse3, ssse3, sse4a, sse4.1, sse4.2, popcnt, lzcnt, tsc, tscinvbit, avx, avx2, aes, clmul, bmi1, bmi2, adx, sha, fma, vzeroupper, clflush, clflushopt, hv, rdtscp, rdpid, f16c
Processor Information for the first 8 processors :
  Max Mhz: 2801, Current Mhz: 2801, Mhz Limit: 2801

Memory: 4k page, system-wide physical 5877M (437M free)
TotalPageFile size 24309M (AvailPageFile size 141M)
current process WorkingSet (physical memory assigned to process): 561M, peak: 561M
current process commit charge ("private bytes"): 921M, peak: 1412M

vm_info: OpenJDK 64-Bit Server VM (21.0.9+-14649483-b1163.86) for windows-amd64 JRE (21.0.9+-14649483-b1163.86), built on 2025-12-30T22:08:35Z by "builder" with MS VC++ 16.10 / 16.11 (VS2019)

END.
