#
# There is insufficient memory for the Java Runtime Environment to continue.
# Native memory allocation (malloc) failed to allocate 1072560 bytes. Error detail: Chunk::new
# Possible reasons:
#   The system is out of physical RAM or swap space
#   This process is running with CompressedOops enabled, and the Java Heap may be blocking the growth of the native heap
# Possible solutions:
#   Reduce memory load on the system
#   Increase physical memory or swap space
#   Check if swap backing store is full
#   Decrease Java heap size (-Xmx/-Xms)
#   Decrease number of Java threads
#   Decrease Java thread stack sizes (-Xss)
#   Set larger code cache with -XX:ReservedCodeCacheSize=
#   JVM is running with Zero Based Compressed Oops mode in which the Java heap is
#     placed in the first 32GB address space. The Java Heap base address is the
#     maximum limit for the native heap growth. Please use -XX:HeapBaseMinAddress
#     to set the Java Heap base and to place the Java Heap above 32GB virtual address.
# This output file may be truncated or incomplete.
#
#  Out of Memory Error (arena.cpp:168), pid=21548, tid=4960
#
# JRE version: OpenJDK Runtime Environment (21.0.9) (build 21.0.9+-14649483-b1163.86)
# Java VM: OpenJDK 64-Bit Server VM (21.0.9+-14649483-b1163.86, mixed mode, tiered, compressed oops, compressed class ptrs, g1 gc, windows-amd64)
# No core dump will be written. Minidumps are not enabled by default on client versions of Windows
#

---------------  S U M M A R Y ------------

Command Line: --add-opens=java.base/java.util=ALL-UNNAMED --add-opens=java.base/java.lang=ALL-UNNAMED --add-opens=java.base/java.lang.invoke=ALL-UNNAMED --add-opens=java.prefs/java.util.prefs=ALL-UNNAMED --add-exports=jdk.compiler/com.sun.tools.javac.api=ALL-UNNAMED --add-exports=jdk.compiler/com.sun.tools.javac.util=ALL-UNNAMED --add-opens=java.base/java.nio.charset=ALL-UNNAMED --add-opens=java.base/java.net=ALL-UNNAMED --add-opens=java.base/java.util.concurrent.atomic=ALL-UNNAMED -Xmx4096M -Dfile.encoding=UTF-8 -Duser.country=ID -Duser.language=en -Duser.variant -javaagent:C:\Users\LENOVO\.gradle\wrapper\dists\gradle-8.10.2-all\7iv73wktx1xtkvlq19urqw1wm\gradle-8.10.2\lib\agents\gradle-instrumentation-agent-8.10.2.jar org.gradle.launcher.daemon.bootstrap.GradleDaemon 8.10.2

Host: AMD Ryzen 5 7520U with Radeon Graphics         , 8 cores, 5G,  Windows 11 , 64 bit Build 26100 (10.0.26100.8246)
Time: Fri May  1 16:09:18 2026 SE Asia Standard Time elapsed time: 245.467454 seconds (0d 0h 4m 5s)

---------------  T H R E A D  ---------------

Current thread (0x0000019db1525150):  JavaThread "C2 CompilerThread0" daemon [_thread_in_native, id=4960, stack(0x0000008973600000,0x0000008973700000) (1024K)]


Current CompileTask:
C2:245468 18032   !   4       org.jetbrains.kotlin.metadata.ProtoBuf$ValueParameter::<init> (513 bytes)

Stack: [0x0000008973600000,0x0000008973700000]
Native frames: (J=compiled Java code, j=interpreted, Vv=VM code, C=native code)
V  [jvm.dll+0x6d6c99]
V  [jvm.dll+0x866b83]
V  [jvm.dll+0x86919e]
V  [jvm.dll+0x869883]
V  [jvm.dll+0x280776]
V  [jvm.dll+0xc07cd]
V  [jvm.dll+0xc0d03]
V  [jvm.dll+0x3b986b]
V  [jvm.dll+0x3856a7]
V  [jvm.dll+0x384b1a]
V  [jvm.dll+0x249462]
V  [jvm.dll+0x248a31]
V  [jvm.dll+0x1c7344]
V  [jvm.dll+0x2581ae]
V  [jvm.dll+0x2566f6]
V  [jvm.dll+0x3f48a6]
V  [jvm.dll+0x80f118]
V  [jvm.dll+0x6d54ed]
C  [ucrtbase.dll+0x37b0]
C  [KERNEL32.DLL+0x2e8d7]
C  [ntdll.dll+0x8c3fc]


---------------  P R O C E S S  ---------------

Threads class SMR info:
_java_thread_list=0x0000019db98ba120, length=86, elements={
0x0000019d97457ca0, 0x0000019db14b2aa0, 0x0000019db14db590, 0x0000019db14dbff0,
0x0000019db1503a80, 0x0000019db1504820, 0x0000019db1505280, 0x0000019db150dcf0,
0x0000019db1525150, 0x0000019db1525bf0, 0x0000019db60960d0, 0x0000019db6d1c010,
0x0000019db70fb3f0, 0x0000019db7e21120, 0x0000019db7a6f020, 0x0000019db7a70bd0,
0x0000019db62d00c0, 0x0000019db7a6f690, 0x0000019db72dec60, 0x0000019db72dd8b0,
0x0000019db72df2f0, 0x0000019db72ddf40, 0x0000019db72df980, 0x0000019db72dcb90,
0x0000019db72dd220, 0x0000019db8e78850, 0x0000019db8e76780, 0x0000019db8e77b30,
0x0000019db8e760f0, 0x0000019db8e79570, 0x0000019db8e781c0, 0x0000019db8e78ee0,
0x0000019db8e76e10, 0x0000019db8e7c360, 0x0000019db8e7b640, 0x0000019db8e7d080,
0x0000019db8e79c00, 0x0000019db8fad8d0, 0x0000019db8fad240, 0x0000019db8fab800,
0x0000019db8faa450, 0x0000019db8fadf60, 0x0000019db8fac520, 0x0000019db8fb0d50,
0x0000019db8fae5f0, 0x0000019db8fb13e0, 0x0000019db8faf9a0, 0x0000019db8faec80,
0x0000019db8fb06c0, 0x0000019db8fb0030, 0x0000019db8faf310, 0x0000019db8e7a920,
0x0000019db8facbb0, 0x0000019db8fa9dc0, 0x0000019db8fab170, 0x0000019db8faaae0,
0x0000019db8fabe90, 0x0000019db8b68ae0, 0x0000019db8b69800, 0x0000019db8b6b240,
0x0000019db8b6a520, 0x0000019db8b68450, 0x0000019db8e7c9f0, 0x0000019dbaf9dd80,
0x0000019dbaf9d6f0, 0x0000019dbafa0b70, 0x0000019dbafa4680, 0x0000019dbafa3960,
0x0000019db8b6abb0, 0x0000019db9a12cb0, 0x0000019db9a13340, 0x0000019db9a0fec0,
0x0000019db9a10be0, 0x0000019db9a12620, 0x0000019db9a11f90, 0x0000019db9a10550,
0x0000019db9a11900, 0x0000019dbaad8750, 0x0000019dbaadb540, 0x0000019dbaad80c0,
0x0000019dbaadaeb0, 0x0000019dbaadbbd0, 0x0000019dbaad8de0, 0x0000019dbaadc260,
0x0000019dbaadc8f0, 0x0000019dbaad9470
}

Java Threads: ( => current thread )
  0x0000019d97457ca0 JavaThread "main"                              [_thread_blocked, id=2312, stack(0x0000008972700000,0x0000008972800000) (1024K)]
  0x0000019db14b2aa0 JavaThread "Common-Cleaner"             daemon [_thread_blocked, id=21600, stack(0x0000008972f00000,0x0000008973000000) (1024K)]
  0x0000019db14db590 JavaThread "Reference Handler"          daemon [_thread_blocked, id=8996, stack(0x0000008973000000,0x0000008973100000) (1024K)]
  0x0000019db14dbff0 JavaThread "Finalizer"                  daemon [_thread_blocked, id=12304, stack(0x0000008973100000,0x0000008973200000) (1024K)]
  0x0000019db1503a80 JavaThread "Signal Dispatcher"          daemon [_thread_blocked, id=10020, stack(0x0000008973200000,0x0000008973300000) (1024K)]
  0x0000019db1504820 JavaThread "Attach Listener"            daemon [_thread_blocked, id=18888, stack(0x0000008973300000,0x0000008973400000) (1024K)]
  0x0000019db1505280 JavaThread "Service Thread"             daemon [_thread_blocked, id=21948, stack(0x0000008973400000,0x0000008973500000) (1024K)]
  0x0000019db150dcf0 JavaThread "Monitor Deflation Thread"   daemon [_thread_blocked, id=21532, stack(0x0000008973500000,0x0000008973600000) (1024K)]
=>0x0000019db1525150 JavaThread "C2 CompilerThread0"         daemon [_thread_in_native, id=4960, stack(0x0000008973600000,0x0000008973700000) (1024K)]
  0x0000019db1525bf0 JavaThread "C1 CompilerThread0"         daemon [_thread_blocked, id=4152, stack(0x0000008973700000,0x0000008973800000) (1024K)]
  0x0000019db60960d0 JavaThread "Notification Thread"        daemon [_thread_blocked, id=15584, stack(0x0000008973800000,0x0000008973900000) (1024K)]
  0x0000019db6d1c010 JavaThread "Daemon health stats"               [_thread_blocked, id=17252, stack(0x0000008973d00000,0x0000008973e00000) (1024K)]
  0x0000019db70fb3f0 JavaThread "Incoming local TCP Connector on port 57290"        [_thread_in_native, id=1420, stack(0x0000008974100000,0x0000008974200000) (1024K)]
  0x0000019db7e21120 JavaThread "Daemon periodic checks"            [_thread_blocked, id=18424, stack(0x0000008974200000,0x0000008974300000) (1024K)]
  0x0000019db7a6f020 JavaThread "Daemon"                            [_thread_blocked, id=18696, stack(0x0000008974300000,0x0000008974400000) (1024K)]
  0x0000019db7a70bd0 JavaThread "Handler for socket connection from /127.0.0.1:57290 to /127.0.0.1:57293"        [_thread_in_native, id=22512, stack(0x0000008974400000,0x0000008974500000) (1024K)]
  0x0000019db62d00c0 JavaThread "Cancel handler"                    [_thread_blocked, id=9608, stack(0x0000008974500000,0x0000008974600000) (1024K)]
  0x0000019db7a6f690 JavaThread "Daemon worker"                     [_thread_in_Java, id=14900, stack(0x0000008974600000,0x0000008974700000) (1024K)]
  0x0000019db72dec60 JavaThread "Asynchronous log dispatcher for DefaultDaemonConnection: socket connection from /127.0.0.1:57290 to /127.0.0.1:57293"        [_thread_blocked, id=18092, stack(0x0000008974700000,0x0000008974800000) (1024K)]
  0x0000019db72dd8b0 JavaThread "Stdin handler"                     [_thread_blocked, id=22456, stack(0x0000008974800000,0x0000008974900000) (1024K)]
  0x0000019db72df2f0 JavaThread "Daemon client event forwarder"        [_thread_blocked, id=4788, stack(0x0000008974900000,0x0000008974a00000) (1024K)]
  0x0000019db72ddf40 JavaThread "Cache worker for journal cache (C:\Users\LENOVO\.gradle\caches\journal-1)"        [_thread_blocked, id=19656, stack(0x0000008974b00000,0x0000008974c00000) (1024K)]
  0x0000019db72df980 JavaThread "File lock request listener"        [_thread_in_native, id=15460, stack(0x0000008974c00000,0x0000008974d00000) (1024K)]
  0x0000019db72dcb90 JavaThread "Cache worker for file hash cache (C:\Users\LENOVO\.gradle\caches\8.10.2\fileHashes)"        [_thread_blocked, id=3720, stack(0x0000008974d00000,0x0000008974e00000) (1024K)]
  0x0000019db72dd220 JavaThread "Cache worker for file hash cache (C:\Users\LENOVO\Downloads\Tugas 6_PAM RA\Tugas 6_PAM RA\.gradle\8.10.2\fileHashes)"        [_thread_blocked, id=6196, stack(0x0000008974e00000,0x0000008974f00000) (1024K)]
  0x0000019db8e78850 JavaThread "Cache worker for checksums cache (C:\Users\LENOVO\Downloads\Tugas 6_PAM RA\Tugas 6_PAM RA\.gradle\8.10.2\checksums)"        [_thread_blocked, id=5444, stack(0x0000008974f00000,0x0000008975000000) (1024K)]
  0x0000019db8e76780 JavaThread "Cache worker for Build Output Cleanup Cache (C:\Users\LENOVO\Downloads\Tugas 6_PAM RA\Tugas 6_PAM RA\.gradle\buildOutputCleanup)"        [_thread_blocked, id=19996, stack(0x0000008975000000,0x0000008975100000) (1024K)]
  0x0000019db8e77b30 JavaThread "Cache worker for file content cache (C:\Users\LENOVO\.gradle\caches\8.10.2\fileContent)"        [_thread_blocked, id=17852, stack(0x0000008975100000,0x0000008975200000) (1024K)]
  0x0000019db8e760f0 JavaThread "File watcher server"        daemon [_thread_in_native, id=18872, stack(0x0000008975200000,0x0000008975300000) (1024K)]
  0x0000019db8e79570 JavaThread "File watcher consumer"      daemon [_thread_blocked, id=5396, stack(0x0000008975300000,0x0000008975400000) (1024K)]
  0x0000019db8e781c0 JavaThread "Cache worker for cache directory md-rule (C:\Users\LENOVO\.gradle\caches\8.10.2\md-rule)"        [_thread_blocked, id=17560, stack(0x0000008975400000,0x0000008975500000) (1024K)]
  0x0000019db8e78ee0 JavaThread "Cache worker for cache directory md-supplier (C:\Users\LENOVO\.gradle\caches\8.10.2\md-supplier)"        [_thread_blocked, id=18924, stack(0x0000008975500000,0x0000008975600000) (1024K)]
  0x0000019db8e76e10 JavaThread "jar transforms"                    [_thread_blocked, id=19740, stack(0x0000008975600000,0x0000008975700000) (1024K)]
  0x0000019db8e7c360 JavaThread "jar transforms Thread 2"           [_thread_blocked, id=8968, stack(0x0000008975700000,0x0000008975800000) (1024K)]
  0x0000019db8e7b640 JavaThread "jar transforms Thread 3"           [_thread_blocked, id=22220, stack(0x0000008975800000,0x0000008975900000) (1024K)]
  0x0000019db8e7d080 JavaThread "jar transforms Thread 4"           [_thread_blocked, id=5684, stack(0x0000008975900000,0x0000008975a00000) (1024K)]
  0x0000019db8e79c00 JavaThread "jar transforms Thread 5"           [_thread_blocked, id=5484, stack(0x0000008975a00000,0x0000008975b00000) (1024K)]
  0x0000019db8fad8d0 JavaThread "Unconstrained build operations"        [_thread_blocked, id=18928, stack(0x0000008975b00000,0x0000008975c00000) (1024K)]
  0x0000019db8fad240 JavaThread "Unconstrained build operations Thread 2"        [_thread_blocked, id=9892, stack(0x0000008975c00000,0x0000008975d00000) (1024K)]
  0x0000019db8fab800 JavaThread "Unconstrained build operations Thread 3"        [_thread_blocked, id=22192, stack(0x0000008975d00000,0x0000008975e00000) (1024K)]
  0x0000019db8faa450 JavaThread "Unconstrained build operations Thread 4"        [_thread_blocked, id=19664, stack(0x0000008975e00000,0x0000008975f00000) (1024K)]
  0x0000019db8fadf60 JavaThread "Unconstrained build operations Thread 5"        [_thread_blocked, id=15548, stack(0x0000008975f00000,0x0000008976000000) (1024K)]
  0x0000019db8fac520 JavaThread "Unconstrained build operations Thread 6"        [_thread_blocked, id=324, stack(0x0000008976000000,0x0000008976100000) (1024K)]
  0x0000019db8fb0d50 JavaThread "Unconstrained build operations Thread 7"        [_thread_blocked, id=18148, stack(0x0000008976100000,0x0000008976200000) (1024K)]
  0x0000019db8fae5f0 JavaThread "Unconstrained build operations Thread 8"        [_thread_blocked, id=21620, stack(0x0000008976200000,0x0000008976300000) (1024K)]
  0x0000019db8fb13e0 JavaThread "Unconstrained build operations Thread 9"        [_thread_blocked, id=3764, stack(0x0000008976300000,0x0000008976400000) (1024K)]
  0x0000019db8faf9a0 JavaThread "Unconstrained build operations Thread 10"        [_thread_blocked, id=22504, stack(0x0000008976400000,0x0000008976500000) (1024K)]
  0x0000019db8faec80 JavaThread "Unconstrained build operations Thread 11"        [_thread_blocked, id=19504, stack(0x0000008976500000,0x0000008976600000) (1024K)]
  0x0000019db8fb06c0 JavaThread "Unconstrained build operations Thread 12"        [_thread_blocked, id=22380, stack(0x0000008976600000,0x0000008976700000) (1024K)]
  0x0000019db8fb0030 JavaThread "Unconstrained build operations Thread 13"        [_thread_blocked, id=20908, stack(0x0000008976700000,0x0000008976800000) (1024K)]
  0x0000019db8faf310 JavaThread "Unconstrained build operations Thread 14"        [_thread_blocked, id=5800, stack(0x0000008976800000,0x0000008976900000) (1024K)]
  0x0000019db8e7a920 JavaThread "jar transforms Thread 6"           [_thread_blocked, id=1876, stack(0x0000008976900000,0x0000008976a00000) (1024K)]
  0x0000019db8facbb0 JavaThread "jar transforms Thread 7"           [_thread_blocked, id=18800, stack(0x0000008976a00000,0x0000008976b00000) (1024K)]
  0x0000019db8fa9dc0 JavaThread "Unconstrained build operations Thread 15"        [_thread_blocked, id=936, stack(0x0000008976b00000,0x0000008976c00000) (1024K)]
  0x0000019db8fab170 JavaThread "Unconstrained build operations Thread 16"        [_thread_blocked, id=11164, stack(0x0000008976c00000,0x0000008976d00000) (1024K)]
  0x0000019db8faaae0 JavaThread "Unconstrained build operations Thread 17"        [_thread_blocked, id=19360, stack(0x0000008976d00000,0x0000008976e00000) (1024K)]
  0x0000019db8fabe90 JavaThread "Unconstrained build operations Thread 18"        [_thread_blocked, id=22084, stack(0x0000008976e00000,0x0000008976f00000) (1024K)]
  0x0000019db8b68ae0 JavaThread "Unconstrained build operations Thread 19"        [_thread_blocked, id=18024, stack(0x0000008976f00000,0x0000008977000000) (1024K)]
  0x0000019db8b69800 JavaThread "Unconstrained build operations Thread 20"        [_thread_blocked, id=16452, stack(0x0000008977000000,0x0000008977100000) (1024K)]
  0x0000019db8b6b240 JavaThread "Unconstrained build operations Thread 21"        [_thread_blocked, id=9012, stack(0x0000008977100000,0x0000008977200000) (1024K)]
  0x0000019db8b6a520 JavaThread "jar transforms Thread 8"           [_thread_blocked, id=15704, stack(0x0000008977200000,0x0000008977300000) (1024K)]
  0x0000019db8b68450 JavaThread "Unconstrained build operations Thread 22"        [_thread_blocked, id=10196, stack(0x0000008977300000,0x0000008977400000) (1024K)]
  0x0000019db8e7c9f0 JavaThread "Unconstrained build operations Thread 23"        [_thread_blocked, id=20968, stack(0x0000008977400000,0x0000008977500000) (1024K)]
  0x0000019dbaf9dd80 JavaThread "Unconstrained build operations Thread 24"        [_thread_blocked, id=12676, stack(0x0000008977500000,0x0000008977600000) (1024K)]
  0x0000019dbaf9d6f0 JavaThread "Configuration cache report writer"        [_thread_blocked, id=22404, stack(0x0000008977600000,0x0000008977700000) (1024K)]
  0x0000019dbafa0b70 JavaThread "Unconstrained build operations Thread 25"        [_thread_blocked, id=21784, stack(0x0000008972400000,0x0000008972500000) (1024K)]
  0x0000019dbafa4680 JavaThread "Unconstrained build operations Thread 26"        [_thread_blocked, id=22152, stack(0x0000008972500000,0x0000008972600000) (1024K)]
  0x0000019dbafa3960 JavaThread "Unconstrained build operations Thread 27"        [_thread_blocked, id=6104, stack(0x0000008972600000,0x0000008972700000) (1024K)]
  0x0000019db8b6abb0 JavaThread "Unconstrained build operations Thread 28"        [_thread_blocked, id=20296, stack(0x0000008977700000,0x0000008977800000) (1024K)]
  0x0000019db9a12cb0 JavaThread "Unconstrained build operations Thread 29"        [_thread_blocked, id=9432, stack(0x0000008977800000,0x0000008977900000) (1024K)]
  0x0000019db9a13340 JavaThread "Unconstrained build operations Thread 30"        [_thread_blocked, id=10788, stack(0x0000008977900000,0x0000008977a00000) (1024K)]
  0x0000019db9a0fec0 JavaThread "Unconstrained build operations Thread 31"        [_thread_blocked, id=6352, stack(0x0000008977a00000,0x0000008977b00000) (1024K)]
  0x0000019db9a10be0 JavaThread "Unconstrained build operations Thread 32"        [_thread_blocked, id=12632, stack(0x0000008977b00000,0x0000008977c00000) (1024K)]
  0x0000019db9a12620 JavaThread "Unconstrained build operations Thread 33"        [_thread_blocked, id=3060, stack(0x0000008977c00000,0x0000008977d00000) (1024K)]
  0x0000019db9a11f90 JavaThread "Unconstrained build operations Thread 34"        [_thread_blocked, id=5944, stack(0x0000008977d00000,0x0000008977e00000) (1024K)]
  0x0000019db9a10550 JavaThread "Unconstrained build operations Thread 35"        [_thread_blocked, id=18868, stack(0x0000008977e00000,0x0000008977f00000) (1024K)]
  0x0000019db9a11900 JavaThread "Unconstrained build operations Thread 36"        [_thread_blocked, id=9740, stack(0x0000008977f00000,0x0000008978000000) (1024K)]
  0x0000019dbaad8750 JavaThread "Unconstrained build operations Thread 37"        [_thread_blocked, id=18728, stack(0x0000008978000000,0x0000008978100000) (1024K)]
  0x0000019dbaadb540 JavaThread "Unconstrained build operations Thread 38"        [_thread_blocked, id=10244, stack(0x0000008978100000,0x0000008978200000) (1024K)]
  0x0000019dbaad80c0 JavaThread "Unconstrained build operations Thread 39"        [_thread_blocked, id=21360, stack(0x0000008978200000,0x0000008978300000) (1024K)]
  0x0000019dbaadaeb0 JavaThread "Unconstrained build operations Thread 40"        [_thread_blocked, id=15700, stack(0x0000008978300000,0x0000008978400000) (1024K)]
  0x0000019dbaadbbd0 JavaThread "Unconstrained build operations Thread 41"        [_thread_blocked, id=21952, stack(0x0000008978400000,0x0000008978500000) (1024K)]
  0x0000019dbaad8de0 JavaThread "Unconstrained build operations Thread 42"        [_thread_blocked, id=13308, stack(0x0000008978500000,0x0000008978600000) (1024K)]
  0x0000019dbaadc260 JavaThread "Unconstrained build operations Thread 43"        [_thread_blocked, id=10764, stack(0x0000008978600000,0x0000008978700000) (1024K)]
  0x0000019dbaadc8f0 JavaThread "Unconstrained build operations Thread 44"        [_thread_blocked, id=7440, stack(0x0000008978700000,0x0000008978800000) (1024K)]
  0x0000019dbaad9470 JavaThread "Unconstrained build operations Thread 45"        [_thread_blocked, id=16084, stack(0x0000008978800000,0x0000008978900000) (1024K)]
Total: 86

Other Threads:
  0x0000019db10f8a60 VMThread "VM Thread"                           [id=4320, stack(0x0000008972e00000,0x0000008972f00000) (1024K)]
  0x0000019db109bbe0 WatcherThread "VM Periodic Task Thread"        [id=19820, stack(0x0000008972d00000,0x0000008972e00000) (1024K)]
  0x0000019d974bf790 WorkerThread "GC Thread#0"                     [id=17200, stack(0x0000008972800000,0x0000008972900000) (1024K)]
  0x0000019db6358570 WorkerThread "GC Thread#1"                     [id=11928, stack(0x0000008973900000,0x0000008973a00000) (1024K)]
  0x0000019db64d5ae0 WorkerThread "GC Thread#2"                     [id=10216, stack(0x0000008973a00000,0x0000008973b00000) (1024K)]
  0x0000019db6eb1810 WorkerThread "GC Thread#3"                     [id=22524, stack(0x0000008973b00000,0x0000008973c00000) (1024K)]
  0x0000019db6eb1bb0 WorkerThread "GC Thread#4"                     [id=10608, stack(0x0000008973c00000,0x0000008973d00000) (1024K)]
  0x0000019db7c27200 WorkerThread "GC Thread#5"                     [id=17216, stack(0x0000008973e00000,0x0000008973f00000) (1024K)]
  0x0000019db7c275a0 WorkerThread "GC Thread#6"                     [id=10044, stack(0x0000008973f00000,0x0000008974000000) (1024K)]
  0x0000019db70f4ed0 WorkerThread "GC Thread#7"                     [id=19552, stack(0x0000008974000000,0x0000008974100000) (1024K)]
  0x0000019d974d3d90 ConcurrentGCThread "G1 Main Marker"            [id=15628, stack(0x0000008972900000,0x0000008972a00000) (1024K)]
  0x0000019d974d47a0 WorkerThread "G1 Conc#0"                       [id=2044, stack(0x0000008972a00000,0x0000008972b00000) (1024K)]
  0x0000019db70f5270 WorkerThread "G1 Conc#1"                       [id=17696, stack(0x0000008974a00000,0x0000008974b00000) (1024K)]
  0x0000019db0f72170 ConcurrentGCThread "G1 Refine#0"               [id=6512, stack(0x0000008972b00000,0x0000008972c00000) (1024K)]
  0x0000019db0f72a90 ConcurrentGCThread "G1 Service"                [id=9276, stack(0x0000008972c00000,0x0000008972d00000) (1024K)]
Total: 15

Threads with active compile tasks:
C2 CompilerThread0  245573 18032   !   4       org.jetbrains.kotlin.metadata.ProtoBuf$ValueParameter::<init> (513 bytes)
Total: 1

VM state: not at safepoint (normal execution)

VM Mutex/Monitor currently owned by a thread: None

Heap address: 0x0000000700000000, size: 4096 MB, Compressed Oops mode: Zero based, Oop shift amount: 3

CDS archive(s) not mapped
Compressed class space mapped at: 0x0000000800000000-0x0000000840000000, reserved size: 1073741824
Narrow klass base: 0x0000000800000000, Narrow klass shift: 0, Narrow klass range: 0x40000000

GC Precious Log:
 CardTable entry size: 512
 Card Set container configuration: InlinePtr #cards 4 size 8 Array Of Cards #cards 16 size 48 Howl #buckets 8 coarsen threshold 3686 Howl Bitmap #cards 512 size 80 coarsen threshold 460 Card regions per heap region 1 cards per card region 4096
 CPUs: 8 total, 8 available
 Memory: 5877M
 Large Page Support: Disabled
 NUMA Support: Disabled
 Compressed Oops: Enabled (Zero based)
 Heap Region Size: 2M
 Heap Min Capacity: 8M
 Heap Initial Capacity: 92M
 Heap Max Capacity: 4G
 Pre-touch: Disabled
 Parallel Workers: 8
 Concurrent Workers: 2
 Concurrent Refinement Workers: 8
 Periodic GC: Disabled

Heap:
 garbage-first heap   total 704512K, used 513914K [0x0000000700000000, 0x0000000800000000)
  region size 2048K, 182 young (372736K), 6 survivors (12288K)
 Metaspace       used 126027K, committed 128256K, reserved 1179648K
  class space    used 17052K, committed 18112K, reserved 1048576K

Heap Regions: E=young(eden), S=young(survivor), O=old, HS=humongous(starts), HC=humongous(continues), CS=collection set, F=free, TAMS=top-at-mark-start, PB=parsable bottom
|   0|0x0000000700000000, 0x0000000700200000, 0x0000000700200000|100%|HS|  |TAMS 0x0000000700000000| PB 0x0000000700000000| Complete 
|   1|0x0000000700200000, 0x0000000700400000, 0x0000000700400000|100%|HC|  |TAMS 0x0000000700200000| PB 0x0000000700200000| Complete 
|   2|0x0000000700400000, 0x0000000700600000, 0x0000000700600000|100%| O|  |TAMS 0x0000000700400000| PB 0x0000000700400000| Untracked 
|   3|0x0000000700600000, 0x0000000700800000, 0x0000000700800000|100%| O|  |TAMS 0x0000000700600000| PB 0x0000000700600000| Untracked 
|   4|0x0000000700800000, 0x0000000700a00000, 0x0000000700a00000|100%| O|  |TAMS 0x0000000700800000| PB 0x0000000700800000| Untracked 
|   5|0x0000000700a00000, 0x0000000700c00000, 0x0000000700c00000|100%| O|  |TAMS 0x0000000700a00000| PB 0x0000000700a00000| Untracked 
|   6|0x0000000700c00000, 0x0000000700e00000, 0x0000000700e00000|100%| O|  |TAMS 0x0000000700c00000| PB 0x0000000700c00000| Untracked 
|   7|0x0000000700e00000, 0x0000000701000000, 0x0000000701000000|100%| O|  |TAMS 0x0000000700e00000| PB 0x0000000700e00000| Untracked 
|   8|0x0000000701000000, 0x0000000701200000, 0x0000000701200000|100%| O|  |TAMS 0x0000000701000000| PB 0x0000000701000000| Untracked 
|   9|0x0000000701200000, 0x0000000701400000, 0x0000000701400000|100%| O|  |TAMS 0x0000000701200000| PB 0x0000000701200000| Untracked 
|  10|0x0000000701400000, 0x0000000701600000, 0x0000000701600000|100%| O|  |TAMS 0x0000000701400000| PB 0x0000000701400000| Untracked 
|  11|0x0000000701600000, 0x0000000701800000, 0x0000000701800000|100%| O|  |TAMS 0x0000000701600000| PB 0x0000000701600000| Untracked 
|  12|0x0000000701800000, 0x0000000701a00000, 0x0000000701a00000|100%| O|  |TAMS 0x0000000701800000| PB 0x0000000701800000| Untracked 
|  13|0x0000000701a00000, 0x0000000701c00000, 0x0000000701c00000|100%| O|  |TAMS 0x0000000701a00000| PB 0x0000000701a00000| Untracked 
|  14|0x0000000701c00000, 0x0000000701e00000, 0x0000000701e00000|100%| O|  |TAMS 0x0000000701c00000| PB 0x0000000701c00000| Untracked 
|  15|0x0000000701e00000, 0x0000000702000000, 0x0000000702000000|100%| O|  |TAMS 0x0000000701e00000| PB 0x0000000701e00000| Untracked 
|  16|0x0000000702000000, 0x0000000702200000, 0x0000000702200000|100%| O|  |TAMS 0x0000000702000000| PB 0x0000000702000000| Untracked 
|  17|0x0000000702200000, 0x0000000702400000, 0x0000000702400000|100%| O|  |TAMS 0x0000000702200000| PB 0x0000000702200000| Untracked 
|  18|0x0000000702400000, 0x0000000702600000, 0x0000000702600000|100%| O|  |TAMS 0x0000000702400000| PB 0x0000000702400000| Untracked 
|  19|0x0000000702600000, 0x0000000702800000, 0x0000000702800000|100%| O|  |TAMS 0x0000000702600000| PB 0x0000000702600000| Untracked 
|  20|0x0000000702800000, 0x0000000702a00000, 0x0000000702a00000|100%| O|  |TAMS 0x0000000702800000| PB 0x0000000702800000| Untracked 
|  21|0x0000000702a00000, 0x0000000702c00000, 0x0000000702c00000|100%| O|  |TAMS 0x0000000702a00000| PB 0x0000000702a00000| Untracked 
|  22|0x0000000702c00000, 0x0000000702e00000, 0x0000000702e00000|100%|HS|  |TAMS 0x0000000702c00000| PB 0x0000000702c00000| Complete 
|  23|0x0000000702e00000, 0x0000000703000000, 0x0000000703000000|100%| O|  |TAMS 0x0000000702e00000| PB 0x0000000702e00000| Untracked 
|  24|0x0000000703000000, 0x0000000703200000, 0x0000000703200000|100%| O|  |TAMS 0x0000000703000000| PB 0x0000000703000000| Untracked 
|  25|0x0000000703200000, 0x0000000703400000, 0x0000000703400000|100%| O|  |TAMS 0x0000000703200000| PB 0x0000000703200000| Untracked 
|  26|0x0000000703400000, 0x0000000703600000, 0x0000000703600000|100%| O|  |TAMS 0x0000000703400000| PB 0x0000000703400000| Untracked 
|  27|0x0000000703600000, 0x0000000703800000, 0x0000000703800000|100%| O|  |TAMS 0x0000000703600000| PB 0x0000000703600000| Untracked 
|  28|0x0000000703800000, 0x0000000703a00000, 0x0000000703a00000|100%| O|  |TAMS 0x0000000703800000| PB 0x0000000703800000| Untracked 
|  29|0x0000000703a00000, 0x0000000703c00000, 0x0000000703c00000|100%| O|  |TAMS 0x0000000703a00000| PB 0x0000000703a00000| Untracked 
|  30|0x0000000703c00000, 0x0000000703e00000, 0x0000000703e00000|100%| O|  |TAMS 0x0000000703c00000| PB 0x0000000703c00000| Untracked 
|  31|0x0000000703e00000, 0x0000000704000000, 0x0000000704000000|100%| O|  |TAMS 0x0000000703e00000| PB 0x0000000703e00000| Untracked 
|  32|0x0000000704000000, 0x0000000704200000, 0x0000000704200000|100%|HS|  |TAMS 0x0000000704000000| PB 0x0000000704000000| Complete 
|  33|0x0000000704200000, 0x0000000704400000, 0x0000000704400000|100%| O|  |TAMS 0x0000000704200000| PB 0x0000000704200000| Untracked 
|  34|0x0000000704400000, 0x0000000704600000, 0x0000000704600000|100%| O|  |TAMS 0x0000000704400000| PB 0x0000000704400000| Untracked 
|  35|0x0000000704600000, 0x0000000704800000, 0x0000000704800000|100%| O|  |TAMS 0x0000000704600000| PB 0x0000000704600000| Untracked 
|  36|0x0000000704800000, 0x0000000704a00000, 0x0000000704a00000|100%| O|  |TAMS 0x0000000704800000| PB 0x0000000704800000| Untracked 
|  37|0x0000000704a00000, 0x0000000704c00000, 0x0000000704c00000|100%| O|  |TAMS 0x0000000704a00000| PB 0x0000000704a00000| Untracked 
|  38|0x0000000704c00000, 0x0000000704e00000, 0x0000000704e00000|100%|HS|  |TAMS 0x0000000704c00000| PB 0x0000000704c00000| Complete 
|  39|0x0000000704e00000, 0x0000000705000000, 0x0000000705000000|100%| O|  |TAMS 0x0000000704e00000| PB 0x0000000704e00000| Untracked 
|  40|0x0000000705000000, 0x0000000705200000, 0x0000000705200000|100%| O|  |TAMS 0x0000000705000000| PB 0x0000000705000000| Untracked 
|  41|0x0000000705200000, 0x0000000705400000, 0x0000000705400000|100%| O|  |TAMS 0x0000000705200000| PB 0x0000000705200000| Untracked 
|  42|0x0000000705400000, 0x0000000705600000, 0x0000000705600000|100%| O|  |TAMS 0x0000000705400000| PB 0x0000000705400000| Untracked 
|  43|0x0000000705600000, 0x0000000705800000, 0x0000000705800000|100%| O|  |TAMS 0x0000000705600000| PB 0x0000000705600000| Untracked 
|  44|0x0000000705800000, 0x0000000705a00000, 0x0000000705a00000|100%| O|  |TAMS 0x0000000705800000| PB 0x0000000705800000| Untracked 
|  45|0x0000000705a00000, 0x0000000705c00000, 0x0000000705c00000|100%| O|  |TAMS 0x0000000705a00000| PB 0x0000000705a00000| Untracked 
|  46|0x0000000705c00000, 0x0000000705e00000, 0x0000000705e00000|100%| O|  |TAMS 0x0000000705c00000| PB 0x0000000705c00000| Untracked 
|  47|0x0000000705e00000, 0x0000000706000000, 0x0000000706000000|100%| O|  |TAMS 0x0000000705e00000| PB 0x0000000705e00000| Untracked 
|  48|0x0000000706000000, 0x0000000706200000, 0x0000000706200000|100%| O|  |TAMS 0x0000000706000000| PB 0x0000000706000000| Untracked 
|  49|0x0000000706200000, 0x0000000706400000, 0x0000000706400000|100%| O|  |TAMS 0x0000000706200000| PB 0x0000000706200000| Untracked 
|  50|0x0000000706400000, 0x00000007065deb78, 0x0000000706600000| 93%| O|  |TAMS 0x0000000706400000| PB 0x0000000706400000| Untracked 
|  51|0x0000000706600000, 0x0000000706800000, 0x0000000706800000|100%| O|  |TAMS 0x0000000706600000| PB 0x0000000706600000| Untracked 
|  52|0x0000000706800000, 0x0000000706a00000, 0x0000000706a00000|100%| O|  |TAMS 0x0000000706800000| PB 0x0000000706800000| Untracked 
|  53|0x0000000706a00000, 0x0000000706c00000, 0x0000000706c00000|100%| O|  |TAMS 0x0000000706a00000| PB 0x0000000706a00000| Untracked 
|  54|0x0000000706c00000, 0x0000000706e00000, 0x0000000706e00000|100%| O|  |TAMS 0x0000000706c00000| PB 0x0000000706c00000| Untracked 
|  55|0x0000000706e00000, 0x0000000707000000, 0x0000000707000000|100%|HS|  |TAMS 0x0000000706e00000| PB 0x0000000706e00000| Complete 
|  56|0x0000000707000000, 0x0000000707200000, 0x0000000707200000|100%|HC|  |TAMS 0x0000000707000000| PB 0x0000000707000000| Complete 
|  57|0x0000000707200000, 0x0000000707400000, 0x0000000707400000|100%|HC|  |TAMS 0x0000000707200000| PB 0x0000000707200000| Complete 
|  58|0x0000000707400000, 0x0000000707600000, 0x0000000707600000|100%|HS|  |TAMS 0x0000000707400000| PB 0x0000000707400000| Complete 
|  59|0x0000000707600000, 0x0000000707800000, 0x0000000707800000|100%|HC|  |TAMS 0x0000000707600000| PB 0x0000000707600000| Complete 
|  60|0x0000000707800000, 0x0000000707a00000, 0x0000000707a00000|100%|HC|  |TAMS 0x0000000707800000| PB 0x0000000707800000| Complete 
|  61|0x0000000707a00000, 0x0000000707a00000, 0x0000000707c00000|  0%| F|  |TAMS 0x0000000707a00000| PB 0x0000000707a00000| Untracked 
|  62|0x0000000707c00000, 0x0000000707c00000, 0x0000000707e00000|  0%| F|  |TAMS 0x0000000707c00000| PB 0x0000000707c00000| Untracked 
|  63|0x0000000707e00000, 0x0000000707e00000, 0x0000000708000000|  0%| F|  |TAMS 0x0000000707e00000| PB 0x0000000707e00000| Untracked 
|  64|0x0000000708000000, 0x0000000708000000, 0x0000000708200000|  0%| F|  |TAMS 0x0000000708000000| PB 0x0000000708000000| Untracked 
|  65|0x0000000708200000, 0x0000000708200000, 0x0000000708400000|  0%| F|  |TAMS 0x0000000708200000| PB 0x0000000708200000| Untracked 
|  66|0x0000000708400000, 0x0000000708400000, 0x0000000708600000|  0%| F|  |TAMS 0x0000000708400000| PB 0x0000000708400000| Untracked 
|  67|0x0000000708600000, 0x0000000708600000, 0x0000000708800000|  0%| F|  |TAMS 0x0000000708600000| PB 0x0000000708600000| Untracked 
|  68|0x0000000708800000, 0x0000000708800000, 0x0000000708a00000|  0%| F|  |TAMS 0x0000000708800000| PB 0x0000000708800000| Untracked 
|  69|0x0000000708a00000, 0x0000000708a00000, 0x0000000708c00000|  0%| F|  |TAMS 0x0000000708a00000| PB 0x0000000708a00000| Untracked 
|  70|0x0000000708c00000, 0x0000000708c00000, 0x0000000708e00000|  0%| F|  |TAMS 0x0000000708c00000| PB 0x0000000708c00000| Untracked 
|  71|0x0000000708e00000, 0x0000000708e00000, 0x0000000709000000|  0%| F|  |TAMS 0x0000000708e00000| PB 0x0000000708e00000| Untracked 
|  72|0x0000000709000000, 0x0000000709000000, 0x0000000709200000|  0%| F|  |TAMS 0x0000000709000000| PB 0x0000000709000000| Untracked 
|  73|0x0000000709200000, 0x0000000709200000, 0x0000000709400000|  0%| F|  |TAMS 0x0000000709200000| PB 0x0000000709200000| Untracked 
|  74|0x0000000709400000, 0x0000000709400000, 0x0000000709600000|  0%| F|  |TAMS 0x0000000709400000| PB 0x0000000709400000| Untracked 
|  75|0x0000000709600000, 0x0000000709600000, 0x0000000709800000|  0%| F|  |TAMS 0x0000000709600000| PB 0x0000000709600000| Untracked 
|  76|0x0000000709800000, 0x0000000709800000, 0x0000000709a00000|  0%| F|  |TAMS 0x0000000709800000| PB 0x0000000709800000| Untracked 
|  77|0x0000000709a00000, 0x0000000709a00000, 0x0000000709c00000|  0%| F|  |TAMS 0x0000000709a00000| PB 0x0000000709a00000| Untracked 
|  78|0x0000000709c00000, 0x0000000709c00000, 0x0000000709e00000|  0%| F|  |TAMS 0x0000000709c00000| PB 0x0000000709c00000| Untracked 
|  79|0x0000000709e00000, 0x0000000709e00000, 0x000000070a000000|  0%| F|  |TAMS 0x0000000709e00000| PB 0x0000000709e00000| Untracked 
|  80|0x000000070a000000, 0x000000070a000000, 0x000000070a200000|  0%| F|  |TAMS 0x000000070a000000| PB 0x000000070a000000| Untracked 
|  81|0x000000070a200000, 0x000000070a200000, 0x000000070a400000|  0%| F|  |TAMS 0x000000070a200000| PB 0x000000070a200000| Untracked 
|  82|0x000000070a400000, 0x000000070a400000, 0x000000070a600000|  0%| F|  |TAMS 0x000000070a400000| PB 0x000000070a400000| Untracked 
|  83|0x000000070a600000, 0x000000070a600000, 0x000000070a800000|  0%| F|  |TAMS 0x000000070a600000| PB 0x000000070a600000| Untracked 
|  84|0x000000070a800000, 0x000000070a800000, 0x000000070aa00000|  0%| F|  |TAMS 0x000000070a800000| PB 0x000000070a800000| Untracked 
|  85|0x000000070aa00000, 0x000000070aa00000, 0x000000070ac00000|  0%| F|  |TAMS 0x000000070aa00000| PB 0x000000070aa00000| Untracked 
|  86|0x000000070ac00000, 0x000000070ac00000, 0x000000070ae00000|  0%| F|  |TAMS 0x000000070ac00000| PB 0x000000070ac00000| Untracked 
|  87|0x000000070ae00000, 0x000000070ae00000, 0x000000070b000000|  0%| F|  |TAMS 0x000000070ae00000| PB 0x000000070ae00000| Untracked 
|  88|0x000000070b000000, 0x000000070b000000, 0x000000070b200000|  0%| F|  |TAMS 0x000000070b000000| PB 0x000000070b000000| Untracked 
|  89|0x000000070b200000, 0x000000070b200000, 0x000000070b400000|  0%| F|  |TAMS 0x000000070b200000| PB 0x000000070b200000| Untracked 
|  90|0x000000070b400000, 0x000000070b400000, 0x000000070b600000|  0%| F|  |TAMS 0x000000070b400000| PB 0x000000070b400000| Untracked 
|  91|0x000000070b600000, 0x000000070b600000, 0x000000070b800000|  0%| F|  |TAMS 0x000000070b600000| PB 0x000000070b600000| Untracked 
|  92|0x000000070b800000, 0x000000070b800000, 0x000000070ba00000|  0%| F|  |TAMS 0x000000070b800000| PB 0x000000070b800000| Untracked 
|  93|0x000000070ba00000, 0x000000070ba00000, 0x000000070bc00000|  0%| F|  |TAMS 0x000000070ba00000| PB 0x000000070ba00000| Untracked 
|  94|0x000000070bc00000, 0x000000070bc00000, 0x000000070be00000|  0%| F|  |TAMS 0x000000070bc00000| PB 0x000000070bc00000| Untracked 
|  95|0x000000070be00000, 0x000000070be00000, 0x000000070c000000|  0%| F|  |TAMS 0x000000070be00000| PB 0x000000070be00000| Untracked 
|  96|0x000000070c000000, 0x000000070c000000, 0x000000070c200000|  0%| F|  |TAMS 0x000000070c000000| PB 0x000000070c000000| Untracked 
|  97|0x000000070c200000, 0x000000070c200000, 0x000000070c400000|  0%| F|  |TAMS 0x000000070c200000| PB 0x000000070c200000| Untracked 
|  98|0x000000070c400000, 0x000000070c400000, 0x000000070c600000|  0%| F|  |TAMS 0x000000070c400000| PB 0x000000070c400000| Untracked 
|  99|0x000000070c600000, 0x000000070c600000, 0x000000070c800000|  0%| F|  |TAMS 0x000000070c600000| PB 0x000000070c600000| Untracked 
| 100|0x000000070c800000, 0x000000070c800000, 0x000000070ca00000|  0%| F|  |TAMS 0x000000070c800000| PB 0x000000070c800000| Untracked 
| 101|0x000000070ca00000, 0x000000070ca00000, 0x000000070cc00000|  0%| F|  |TAMS 0x000000070ca00000| PB 0x000000070ca00000| Untracked 
| 102|0x000000070cc00000, 0x000000070cc00000, 0x000000070ce00000|  0%| F|  |TAMS 0x000000070cc00000| PB 0x000000070cc00000| Untracked 
| 103|0x000000070ce00000, 0x000000070ce00000, 0x000000070d000000|  0%| F|  |TAMS 0x000000070ce00000| PB 0x000000070ce00000| Untracked 
| 104|0x000000070d000000, 0x000000070d000000, 0x000000070d200000|  0%| F|  |TAMS 0x000000070d000000| PB 0x000000070d000000| Untracked 
| 105|0x000000070d200000, 0x000000070d200000, 0x000000070d400000|  0%| F|  |TAMS 0x000000070d200000| PB 0x000000070d200000| Untracked 
| 106|0x000000070d400000, 0x000000070d400000, 0x000000070d600000|  0%| F|  |TAMS 0x000000070d400000| PB 0x000000070d400000| Untracked 
| 107|0x000000070d600000, 0x000000070d600000, 0x000000070d800000|  0%| F|  |TAMS 0x000000070d600000| PB 0x000000070d600000| Untracked 
| 108|0x000000070d800000, 0x000000070d800000, 0x000000070da00000|  0%| F|  |TAMS 0x000000070d800000| PB 0x000000070d800000| Untracked 
| 109|0x000000070da00000, 0x000000070da00000, 0x000000070dc00000|  0%| F|  |TAMS 0x000000070da00000| PB 0x000000070da00000| Untracked 
| 110|0x000000070dc00000, 0x000000070dc00000, 0x000000070de00000|  0%| F|  |TAMS 0x000000070dc00000| PB 0x000000070dc00000| Untracked 
| 111|0x000000070de00000, 0x000000070de00000, 0x000000070e000000|  0%| F|  |TAMS 0x000000070de00000| PB 0x000000070de00000| Untracked 
| 112|0x000000070e000000, 0x000000070e000000, 0x000000070e200000|  0%| F|  |TAMS 0x000000070e000000| PB 0x000000070e000000| Untracked 
| 113|0x000000070e200000, 0x000000070e200000, 0x000000070e400000|  0%| F|  |TAMS 0x000000070e200000| PB 0x000000070e200000| Untracked 
| 114|0x000000070e400000, 0x000000070e400000, 0x000000070e600000|  0%| F|  |TAMS 0x000000070e400000| PB 0x000000070e400000| Untracked 
| 115|0x000000070e600000, 0x000000070e600000, 0x000000070e800000|  0%| F|  |TAMS 0x000000070e600000| PB 0x000000070e600000| Untracked 
| 116|0x000000070e800000, 0x000000070e800000, 0x000000070ea00000|  0%| F|  |TAMS 0x000000070e800000| PB 0x000000070e800000| Untracked 
| 117|0x000000070ea00000, 0x000000070ea00000, 0x000000070ec00000|  0%| F|  |TAMS 0x000000070ea00000| PB 0x000000070ea00000| Untracked 
| 118|0x000000070ec00000, 0x000000070ec00000, 0x000000070ee00000|  0%| F|  |TAMS 0x000000070ec00000| PB 0x000000070ec00000| Untracked 
| 119|0x000000070ee00000, 0x000000070ee00000, 0x000000070f000000|  0%| F|  |TAMS 0x000000070ee00000| PB 0x000000070ee00000| Untracked 
| 120|0x000000070f000000, 0x000000070f000000, 0x000000070f200000|  0%| F|  |TAMS 0x000000070f000000| PB 0x000000070f000000| Untracked 
| 121|0x000000070f200000, 0x000000070f200000, 0x000000070f400000|  0%| F|  |TAMS 0x000000070f200000| PB 0x000000070f200000| Untracked 
| 122|0x000000070f400000, 0x000000070f400000, 0x000000070f600000|  0%| F|  |TAMS 0x000000070f400000| PB 0x000000070f400000| Untracked 
| 123|0x000000070f600000, 0x000000070f800000, 0x000000070f800000|100%| S|CS|TAMS 0x000000070f600000| PB 0x000000070f600000| Complete 
| 124|0x000000070f800000, 0x000000070fa00000, 0x000000070fa00000|100%| S|CS|TAMS 0x000000070f800000| PB 0x000000070f800000| Complete 
| 125|0x000000070fa00000, 0x000000070fc00000, 0x000000070fc00000|100%| S|CS|TAMS 0x000000070fa00000| PB 0x000000070fa00000| Complete 
| 126|0x000000070fc00000, 0x000000070fe00000, 0x000000070fe00000|100%| S|CS|TAMS 0x000000070fc00000| PB 0x000000070fc00000| Complete 
| 127|0x000000070fe00000, 0x0000000710000000, 0x0000000710000000|100%| S|CS|TAMS 0x000000070fe00000| PB 0x000000070fe00000| Complete 
| 128|0x0000000710000000, 0x0000000710200000, 0x0000000710200000|100%| S|CS|TAMS 0x0000000710000000| PB 0x0000000710000000| Complete 
| 129|0x0000000710200000, 0x0000000710200000, 0x0000000710400000|  0%| F|  |TAMS 0x0000000710200000| PB 0x0000000710200000| Untracked 
| 130|0x0000000710400000, 0x0000000710400000, 0x0000000710600000|  0%| F|  |TAMS 0x0000000710400000| PB 0x0000000710400000| Untracked 
| 131|0x0000000710600000, 0x0000000710600000, 0x0000000710800000|  0%| F|  |TAMS 0x0000000710600000| PB 0x0000000710600000| Untracked 
| 132|0x0000000710800000, 0x0000000710800000, 0x0000000710a00000|  0%| F|  |TAMS 0x0000000710800000| PB 0x0000000710800000| Untracked 
| 133|0x0000000710a00000, 0x0000000710a00000, 0x0000000710c00000|  0%| F|  |TAMS 0x0000000710a00000| PB 0x0000000710a00000| Untracked 
| 134|0x0000000710c00000, 0x0000000710c00000, 0x0000000710e00000|  0%| F|  |TAMS 0x0000000710c00000| PB 0x0000000710c00000| Untracked 
| 135|0x0000000710e00000, 0x0000000710e00000, 0x0000000711000000|  0%| F|  |TAMS 0x0000000710e00000| PB 0x0000000710e00000| Untracked 
| 136|0x0000000711000000, 0x0000000711000000, 0x0000000711200000|  0%| F|  |TAMS 0x0000000711000000| PB 0x0000000711000000| Untracked 
| 137|0x0000000711200000, 0x0000000711200000, 0x0000000711400000|  0%| F|  |TAMS 0x0000000711200000| PB 0x0000000711200000| Untracked 
| 138|0x0000000711400000, 0x0000000711400000, 0x0000000711600000|  0%| F|  |TAMS 0x0000000711400000| PB 0x0000000711400000| Untracked 
| 139|0x0000000711600000, 0x0000000711600000, 0x0000000711800000|  0%| F|  |TAMS 0x0000000711600000| PB 0x0000000711600000| Untracked 
| 140|0x0000000711800000, 0x0000000711800000, 0x0000000711a00000|  0%| F|  |TAMS 0x0000000711800000| PB 0x0000000711800000| Untracked 
| 141|0x0000000711a00000, 0x0000000711a00000, 0x0000000711c00000|  0%| F|  |TAMS 0x0000000711a00000| PB 0x0000000711a00000| Untracked 
| 142|0x0000000711c00000, 0x0000000711c00000, 0x0000000711e00000|  0%| F|  |TAMS 0x0000000711c00000| PB 0x0000000711c00000| Untracked 
| 143|0x0000000711e00000, 0x0000000711e00000, 0x0000000712000000|  0%| F|  |TAMS 0x0000000711e00000| PB 0x0000000711e00000| Untracked 
| 144|0x0000000712000000, 0x0000000712000000, 0x0000000712200000|  0%| F|  |TAMS 0x0000000712000000| PB 0x0000000712000000| Untracked 
| 145|0x0000000712200000, 0x0000000712200000, 0x0000000712400000|  0%| F|  |TAMS 0x0000000712200000| PB 0x0000000712200000| Untracked 
| 146|0x0000000712400000, 0x0000000712400000, 0x0000000712600000|  0%| F|  |TAMS 0x0000000712400000| PB 0x0000000712400000| Untracked 
| 147|0x0000000712600000, 0x0000000712600000, 0x0000000712800000|  0%| F|  |TAMS 0x0000000712600000| PB 0x0000000712600000| Untracked 
| 148|0x0000000712800000, 0x0000000712800000, 0x0000000712a00000|  0%| F|  |TAMS 0x0000000712800000| PB 0x0000000712800000| Untracked 
| 149|0x0000000712a00000, 0x0000000712a00000, 0x0000000712c00000|  0%| F|  |TAMS 0x0000000712a00000| PB 0x0000000712a00000| Untracked 
| 150|0x0000000712c00000, 0x0000000712c00000, 0x0000000712e00000|  0%| F|  |TAMS 0x0000000712c00000| PB 0x0000000712c00000| Untracked 
| 151|0x0000000712e00000, 0x0000000712e00000, 0x0000000713000000|  0%| F|  |TAMS 0x0000000712e00000| PB 0x0000000712e00000| Untracked 
| 152|0x0000000713000000, 0x0000000713000000, 0x0000000713200000|  0%| F|  |TAMS 0x0000000713000000| PB 0x0000000713000000| Untracked 
| 153|0x0000000713200000, 0x0000000713200000, 0x0000000713400000|  0%| F|  |TAMS 0x0000000713200000| PB 0x0000000713200000| Untracked 
| 154|0x0000000713400000, 0x0000000713400000, 0x0000000713600000|  0%| F|  |TAMS 0x0000000713400000| PB 0x0000000713400000| Untracked 
| 155|0x0000000713600000, 0x0000000713600000, 0x0000000713800000|  0%| F|  |TAMS 0x0000000713600000| PB 0x0000000713600000| Untracked 
| 156|0x0000000713800000, 0x0000000713800000, 0x0000000713a00000|  0%| F|  |TAMS 0x0000000713800000| PB 0x0000000713800000| Untracked 
| 157|0x0000000713a00000, 0x0000000713a00000, 0x0000000713c00000|  0%| F|  |TAMS 0x0000000713a00000| PB 0x0000000713a00000| Untracked 
| 158|0x0000000713c00000, 0x0000000713c00000, 0x0000000713e00000|  0%| F|  |TAMS 0x0000000713c00000| PB 0x0000000713c00000| Untracked 
| 159|0x0000000713e00000, 0x0000000713f03e90, 0x0000000714000000| 50%| E|  |TAMS 0x0000000713e00000| PB 0x0000000713e00000| Complete 
| 160|0x0000000714000000, 0x0000000714200000, 0x0000000714200000|100%| E|CS|TAMS 0x0000000714000000| PB 0x0000000714000000| Complete 
| 161|0x0000000714200000, 0x0000000714400000, 0x0000000714400000|100%| E|CS|TAMS 0x0000000714200000| PB 0x0000000714200000| Complete 
| 162|0x0000000714400000, 0x0000000714600000, 0x0000000714600000|100%| E|CS|TAMS 0x0000000714400000| PB 0x0000000714400000| Complete 
| 163|0x0000000714600000, 0x0000000714800000, 0x0000000714800000|100%| E|CS|TAMS 0x0000000714600000| PB 0x0000000714600000| Complete 
| 164|0x0000000714800000, 0x0000000714a00000, 0x0000000714a00000|100%| E|CS|TAMS 0x0000000714800000| PB 0x0000000714800000| Complete 
| 165|0x0000000714a00000, 0x0000000714c00000, 0x0000000714c00000|100%| E|CS|TAMS 0x0000000714a00000| PB 0x0000000714a00000| Complete 
| 166|0x0000000714c00000, 0x0000000714e00000, 0x0000000714e00000|100%| E|CS|TAMS 0x0000000714c00000| PB 0x0000000714c00000| Complete 
| 167|0x0000000714e00000, 0x0000000715000000, 0x0000000715000000|100%| E|CS|TAMS 0x0000000714e00000| PB 0x0000000714e00000| Complete 
| 168|0x0000000715000000, 0x0000000715200000, 0x0000000715200000|100%| E|CS|TAMS 0x0000000715000000| PB 0x0000000715000000| Complete 
| 169|0x0000000715200000, 0x0000000715400000, 0x0000000715400000|100%| E|CS|TAMS 0x0000000715200000| PB 0x0000000715200000| Complete 
| 170|0x0000000715400000, 0x0000000715600000, 0x0000000715600000|100%| E|CS|TAMS 0x0000000715400000| PB 0x0000000715400000| Complete 
| 171|0x0000000715600000, 0x0000000715800000, 0x0000000715800000|100%| E|CS|TAMS 0x0000000715600000| PB 0x0000000715600000| Complete 
| 172|0x0000000715800000, 0x0000000715a00000, 0x0000000715a00000|100%| E|CS|TAMS 0x0000000715800000| PB 0x0000000715800000| Complete 
| 173|0x0000000715a00000, 0x0000000715c00000, 0x0000000715c00000|100%| E|CS|TAMS 0x0000000715a00000| PB 0x0000000715a00000| Complete 
| 174|0x0000000715c00000, 0x0000000715e00000, 0x0000000715e00000|100%| E|CS|TAMS 0x0000000715c00000| PB 0x0000000715c00000| Complete 
| 175|0x0000000715e00000, 0x0000000716000000, 0x0000000716000000|100%| E|CS|TAMS 0x0000000715e00000| PB 0x0000000715e00000| Complete 
| 176|0x0000000716000000, 0x0000000716200000, 0x0000000716200000|100%| E|CS|TAMS 0x0000000716000000| PB 0x0000000716000000| Complete 
| 177|0x0000000716200000, 0x0000000716400000, 0x0000000716400000|100%| E|CS|TAMS 0x0000000716200000| PB 0x0000000716200000| Complete 
| 178|0x0000000716400000, 0x0000000716600000, 0x0000000716600000|100%| E|CS|TAMS 0x0000000716400000| PB 0x0000000716400000| Complete 
| 179|0x0000000716600000, 0x0000000716800000, 0x0000000716800000|100%| E|CS|TAMS 0x0000000716600000| PB 0x0000000716600000| Complete 
| 180|0x0000000716800000, 0x0000000716a00000, 0x0000000716a00000|100%| E|CS|TAMS 0x0000000716800000| PB 0x0000000716800000| Complete 
| 181|0x0000000716a00000, 0x0000000716c00000, 0x0000000716c00000|100%| E|CS|TAMS 0x0000000716a00000| PB 0x0000000716a00000| Complete 
| 182|0x0000000716c00000, 0x0000000716e00000, 0x0000000716e00000|100%| E|CS|TAMS 0x0000000716c00000| PB 0x0000000716c00000| Complete 
| 183|0x0000000716e00000, 0x0000000717000000, 0x0000000717000000|100%| E|CS|TAMS 0x0000000716e00000| PB 0x0000000716e00000| Complete 
| 184|0x0000000717000000, 0x0000000717200000, 0x0000000717200000|100%| E|CS|TAMS 0x0000000717000000| PB 0x0000000717000000| Complete 
| 185|0x0000000717200000, 0x0000000717400000, 0x0000000717400000|100%| E|CS|TAMS 0x0000000717200000| PB 0x0000000717200000| Complete 
| 186|0x0000000717400000, 0x0000000717600000, 0x0000000717600000|100%| E|CS|TAMS 0x0000000717400000| PB 0x0000000717400000| Complete 
| 187|0x0000000717600000, 0x0000000717800000, 0x0000000717800000|100%| E|CS|TAMS 0x0000000717600000| PB 0x0000000717600000| Complete 
| 188|0x0000000717800000, 0x0000000717a00000, 0x0000000717a00000|100%| E|CS|TAMS 0x0000000717800000| PB 0x0000000717800000| Complete 
| 189|0x0000000717a00000, 0x0000000717c00000, 0x0000000717c00000|100%| E|CS|TAMS 0x0000000717a00000| PB 0x0000000717a00000| Complete 
| 190|0x0000000717c00000, 0x0000000717e00000, 0x0000000717e00000|100%| E|CS|TAMS 0x0000000717c00000| PB 0x0000000717c00000| Complete 
| 191|0x0000000717e00000, 0x0000000718000000, 0x0000000718000000|100%| E|CS|TAMS 0x0000000717e00000| PB 0x0000000717e00000| Complete 
| 192|0x0000000718000000, 0x0000000718200000, 0x0000000718200000|100%| E|CS|TAMS 0x0000000718000000| PB 0x0000000718000000| Complete 
| 193|0x0000000718200000, 0x0000000718400000, 0x0000000718400000|100%| E|CS|TAMS 0x0000000718200000| PB 0x0000000718200000| Complete 
| 194|0x0000000718400000, 0x0000000718600000, 0x0000000718600000|100%| E|CS|TAMS 0x0000000718400000| PB 0x0000000718400000| Complete 
| 195|0x0000000718600000, 0x0000000718800000, 0x0000000718800000|100%| E|CS|TAMS 0x0000000718600000| PB 0x0000000718600000| Complete 
| 196|0x0000000718800000, 0x0000000718a00000, 0x0000000718a00000|100%| E|CS|TAMS 0x0000000718800000| PB 0x0000000718800000| Complete 
| 197|0x0000000718a00000, 0x0000000718c00000, 0x0000000718c00000|100%| E|CS|TAMS 0x0000000718a00000| PB 0x0000000718a00000| Complete 
| 198|0x0000000718c00000, 0x0000000718e00000, 0x0000000718e00000|100%| E|CS|TAMS 0x0000000718c00000| PB 0x0000000718c00000| Complete 
| 199|0x0000000718e00000, 0x0000000719000000, 0x0000000719000000|100%| E|CS|TAMS 0x0000000718e00000| PB 0x0000000718e00000| Complete 
| 200|0x0000000719000000, 0x0000000719200000, 0x0000000719200000|100%| E|CS|TAMS 0x0000000719000000| PB 0x0000000719000000| Complete 
| 201|0x0000000719200000, 0x0000000719400000, 0x0000000719400000|100%| E|CS|TAMS 0x0000000719200000| PB 0x0000000719200000| Complete 
| 202|0x0000000719400000, 0x0000000719600000, 0x0000000719600000|100%| E|CS|TAMS 0x0000000719400000| PB 0x0000000719400000| Complete 
| 203|0x0000000719600000, 0x0000000719800000, 0x0000000719800000|100%| E|CS|TAMS 0x0000000719600000| PB 0x0000000719600000| Complete 
| 204|0x0000000719800000, 0x0000000719a00000, 0x0000000719a00000|100%| E|CS|TAMS 0x0000000719800000| PB 0x0000000719800000| Complete 
| 205|0x0000000719a00000, 0x0000000719c00000, 0x0000000719c00000|100%| E|CS|TAMS 0x0000000719a00000| PB 0x0000000719a00000| Complete 
| 206|0x0000000719c00000, 0x0000000719e00000, 0x0000000719e00000|100%| E|CS|TAMS 0x0000000719c00000| PB 0x0000000719c00000| Complete 
| 207|0x0000000719e00000, 0x000000071a000000, 0x000000071a000000|100%| E|CS|TAMS 0x0000000719e00000| PB 0x0000000719e00000| Complete 
| 208|0x000000071a000000, 0x000000071a200000, 0x000000071a200000|100%| E|CS|TAMS 0x000000071a000000| PB 0x000000071a000000| Complete 
| 209|0x000000071a200000, 0x000000071a400000, 0x000000071a400000|100%| E|CS|TAMS 0x000000071a200000| PB 0x000000071a200000| Complete 
| 210|0x000000071a400000, 0x000000071a600000, 0x000000071a600000|100%| E|CS|TAMS 0x000000071a400000| PB 0x000000071a400000| Complete 
| 211|0x000000071a600000, 0x000000071a800000, 0x000000071a800000|100%| E|CS|TAMS 0x000000071a600000| PB 0x000000071a600000| Complete 
| 212|0x000000071a800000, 0x000000071aa00000, 0x000000071aa00000|100%| E|CS|TAMS 0x000000071a800000| PB 0x000000071a800000| Complete 
| 213|0x000000071aa00000, 0x000000071ac00000, 0x000000071ac00000|100%| E|CS|TAMS 0x000000071aa00000| PB 0x000000071aa00000| Complete 
| 214|0x000000071ac00000, 0x000000071ae00000, 0x000000071ae00000|100%| E|CS|TAMS 0x000000071ac00000| PB 0x000000071ac00000| Complete 
| 215|0x000000071ae00000, 0x000000071b000000, 0x000000071b000000|100%| E|CS|TAMS 0x000000071ae00000| PB 0x000000071ae00000| Complete 
| 216|0x000000071b000000, 0x000000071b200000, 0x000000071b200000|100%| E|CS|TAMS 0x000000071b000000| PB 0x000000071b000000| Complete 
| 217|0x000000071b200000, 0x000000071b400000, 0x000000071b400000|100%| E|CS|TAMS 0x000000071b200000| PB 0x000000071b200000| Complete 
| 218|0x000000071b400000, 0x000000071b600000, 0x000000071b600000|100%| E|CS|TAMS 0x000000071b400000| PB 0x000000071b400000| Complete 
| 219|0x000000071b600000, 0x000000071b800000, 0x000000071b800000|100%| E|CS|TAMS 0x000000071b600000| PB 0x000000071b600000| Complete 
| 220|0x000000071b800000, 0x000000071ba00000, 0x000000071ba00000|100%| E|CS|TAMS 0x000000071b800000| PB 0x000000071b800000| Complete 
| 221|0x000000071ba00000, 0x000000071bc00000, 0x000000071bc00000|100%| E|CS|TAMS 0x000000071ba00000| PB 0x000000071ba00000| Complete 
| 222|0x000000071bc00000, 0x000000071be00000, 0x000000071be00000|100%| E|CS|TAMS 0x000000071bc00000| PB 0x000000071bc00000| Complete 
| 223|0x000000071be00000, 0x000000071c000000, 0x000000071c000000|100%| E|CS|TAMS 0x000000071be00000| PB 0x000000071be00000| Complete 
| 224|0x000000071c000000, 0x000000071c200000, 0x000000071c200000|100%| E|CS|TAMS 0x000000071c000000| PB 0x000000071c000000| Complete 
| 225|0x000000071c200000, 0x000000071c400000, 0x000000071c400000|100%| E|CS|TAMS 0x000000071c200000| PB 0x000000071c200000| Complete 
| 226|0x000000071c400000, 0x000000071c600000, 0x000000071c600000|100%| E|CS|TAMS 0x000000071c400000| PB 0x000000071c400000| Complete 
| 227|0x000000071c600000, 0x000000071c800000, 0x000000071c800000|100%| E|CS|TAMS 0x000000071c600000| PB 0x000000071c600000| Complete 
| 228|0x000000071c800000, 0x000000071ca00000, 0x000000071ca00000|100%| E|CS|TAMS 0x000000071c800000| PB 0x000000071c800000| Complete 
| 229|0x000000071ca00000, 0x000000071cc00000, 0x000000071cc00000|100%| E|CS|TAMS 0x000000071ca00000| PB 0x000000071ca00000| Complete 
| 230|0x000000071cc00000, 0x000000071ce00000, 0x000000071ce00000|100%| E|CS|TAMS 0x000000071cc00000| PB 0x000000071cc00000| Complete 
| 231|0x000000071ce00000, 0x000000071d000000, 0x000000071d000000|100%| E|CS|TAMS 0x000000071ce00000| PB 0x000000071ce00000| Complete 
| 232|0x000000071d000000, 0x000000071d200000, 0x000000071d200000|100%| E|CS|TAMS 0x000000071d000000| PB 0x000000071d000000| Complete 
| 233|0x000000071d200000, 0x000000071d400000, 0x000000071d400000|100%| E|CS|TAMS 0x000000071d200000| PB 0x000000071d200000| Complete 
| 234|0x000000071d400000, 0x000000071d600000, 0x000000071d600000|100%| E|CS|TAMS 0x000000071d400000| PB 0x000000071d400000| Complete 
| 235|0x000000071d600000, 0x000000071d800000, 0x000000071d800000|100%| E|CS|TAMS 0x000000071d600000| PB 0x000000071d600000| Complete 
| 236|0x000000071d800000, 0x000000071da00000, 0x000000071da00000|100%| E|CS|TAMS 0x000000071d800000| PB 0x000000071d800000| Complete 
| 237|0x000000071da00000, 0x000000071dc00000, 0x000000071dc00000|100%| E|CS|TAMS 0x000000071da00000| PB 0x000000071da00000| Complete 
| 238|0x000000071dc00000, 0x000000071de00000, 0x000000071de00000|100%| E|CS|TAMS 0x000000071dc00000| PB 0x000000071dc00000| Complete 
| 239|0x000000071de00000, 0x000000071e000000, 0x000000071e000000|100%| E|CS|TAMS 0x000000071de00000| PB 0x000000071de00000| Complete 
| 240|0x000000071e000000, 0x000000071e200000, 0x000000071e200000|100%| E|CS|TAMS 0x000000071e000000| PB 0x000000071e000000| Complete 
| 241|0x000000071e200000, 0x000000071e400000, 0x000000071e400000|100%| E|CS|TAMS 0x000000071e200000| PB 0x000000071e200000| Complete 
| 242|0x000000071e400000, 0x000000071e600000, 0x000000071e600000|100%| E|CS|TAMS 0x000000071e400000| PB 0x000000071e400000| Complete 
| 243|0x000000071e600000, 0x000000071e800000, 0x000000071e800000|100%| E|CS|TAMS 0x000000071e600000| PB 0x000000071e600000| Complete 
| 244|0x000000071e800000, 0x000000071ea00000, 0x000000071ea00000|100%| E|CS|TAMS 0x000000071e800000| PB 0x000000071e800000| Complete 
| 245|0x000000071ea00000, 0x000000071ec00000, 0x000000071ec00000|100%| E|CS|TAMS 0x000000071ea00000| PB 0x000000071ea00000| Complete 
| 246|0x000000071ec00000, 0x000000071ee00000, 0x000000071ee00000|100%| E|CS|TAMS 0x000000071ec00000| PB 0x000000071ec00000| Complete 
| 247|0x000000071ee00000, 0x000000071f000000, 0x000000071f000000|100%| E|CS|TAMS 0x000000071ee00000| PB 0x000000071ee00000| Complete 
| 248|0x000000071f000000, 0x000000071f200000, 0x000000071f200000|100%| E|CS|TAMS 0x000000071f000000| PB 0x000000071f000000| Complete 
| 249|0x000000071f200000, 0x000000071f400000, 0x000000071f400000|100%| E|CS|TAMS 0x000000071f200000| PB 0x000000071f200000| Complete 
| 250|0x000000071f400000, 0x000000071f600000, 0x000000071f600000|100%| E|CS|TAMS 0x000000071f400000| PB 0x000000071f400000| Complete 
| 251|0x000000071f600000, 0x000000071f800000, 0x000000071f800000|100%| E|CS|TAMS 0x000000071f600000| PB 0x000000071f600000| Complete 
| 252|0x000000071f800000, 0x000000071fa00000, 0x000000071fa00000|100%| E|CS|TAMS 0x000000071f800000| PB 0x000000071f800000| Complete 
| 253|0x000000071fa00000, 0x000000071fc00000, 0x000000071fc00000|100%| E|CS|TAMS 0x000000071fa00000| PB 0x000000071fa00000| Complete 
| 254|0x000000071fc00000, 0x000000071fe00000, 0x000000071fe00000|100%| E|CS|TAMS 0x000000071fc00000| PB 0x000000071fc00000| Complete 
| 255|0x000000071fe00000, 0x0000000720000000, 0x0000000720000000|100%| E|CS|TAMS 0x000000071fe00000| PB 0x000000071fe00000| Complete 
| 256|0x0000000720000000, 0x0000000720200000, 0x0000000720200000|100%| E|CS|TAMS 0x0000000720000000| PB 0x0000000720000000| Complete 
| 257|0x0000000720200000, 0x0000000720400000, 0x0000000720400000|100%| E|CS|TAMS 0x0000000720200000| PB 0x0000000720200000| Complete 
| 258|0x0000000720400000, 0x0000000720600000, 0x0000000720600000|100%| E|CS|TAMS 0x0000000720400000| PB 0x0000000720400000| Complete 
| 259|0x0000000720600000, 0x0000000720800000, 0x0000000720800000|100%| E|CS|TAMS 0x0000000720600000| PB 0x0000000720600000| Complete 
| 260|0x0000000720800000, 0x0000000720a00000, 0x0000000720a00000|100%| E|CS|TAMS 0x0000000720800000| PB 0x0000000720800000| Complete 
| 261|0x0000000720a00000, 0x0000000720c00000, 0x0000000720c00000|100%| E|CS|TAMS 0x0000000720a00000| PB 0x0000000720a00000| Complete 
| 262|0x0000000720c00000, 0x0000000720e00000, 0x0000000720e00000|100%| E|CS|TAMS 0x0000000720c00000| PB 0x0000000720c00000| Complete 
| 263|0x0000000720e00000, 0x0000000721000000, 0x0000000721000000|100%| E|CS|TAMS 0x0000000720e00000| PB 0x0000000720e00000| Complete 
| 264|0x0000000721000000, 0x0000000721200000, 0x0000000721200000|100%| E|CS|TAMS 0x0000000721000000| PB 0x0000000721000000| Complete 
| 265|0x0000000721200000, 0x0000000721400000, 0x0000000721400000|100%| E|CS|TAMS 0x0000000721200000| PB 0x0000000721200000| Complete 
| 266|0x0000000721400000, 0x0000000721600000, 0x0000000721600000|100%| E|CS|TAMS 0x0000000721400000| PB 0x0000000721400000| Complete 
| 267|0x0000000721600000, 0x0000000721800000, 0x0000000721800000|100%| E|CS|TAMS 0x0000000721600000| PB 0x0000000721600000| Complete 
| 268|0x0000000721800000, 0x0000000721a00000, 0x0000000721a00000|100%| E|CS|TAMS 0x0000000721800000| PB 0x0000000721800000| Complete 
| 269|0x0000000721a00000, 0x0000000721c00000, 0x0000000721c00000|100%| E|CS|TAMS 0x0000000721a00000| PB 0x0000000721a00000| Complete 
| 270|0x0000000721c00000, 0x0000000721e00000, 0x0000000721e00000|100%| E|CS|TAMS 0x0000000721c00000| PB 0x0000000721c00000| Complete 
| 271|0x0000000721e00000, 0x0000000722000000, 0x0000000722000000|100%| E|CS|TAMS 0x0000000721e00000| PB 0x0000000721e00000| Complete 
| 272|0x0000000722000000, 0x0000000722200000, 0x0000000722200000|100%| E|CS|TAMS 0x0000000722000000| PB 0x0000000722000000| Complete 
| 273|0x0000000722200000, 0x0000000722400000, 0x0000000722400000|100%| E|CS|TAMS 0x0000000722200000| PB 0x0000000722200000| Complete 
| 274|0x0000000722400000, 0x0000000722600000, 0x0000000722600000|100%| E|CS|TAMS 0x0000000722400000| PB 0x0000000722400000| Complete 
| 275|0x0000000722600000, 0x0000000722800000, 0x0000000722800000|100%| E|CS|TAMS 0x0000000722600000| PB 0x0000000722600000| Complete 
| 276|0x0000000722800000, 0x0000000722a00000, 0x0000000722a00000|100%| E|CS|TAMS 0x0000000722800000| PB 0x0000000722800000| Complete 
| 277|0x0000000722a00000, 0x0000000722c00000, 0x0000000722c00000|100%| E|CS|TAMS 0x0000000722a00000| PB 0x0000000722a00000| Complete 
| 278|0x0000000722c00000, 0x0000000722e00000, 0x0000000722e00000|100%| E|CS|TAMS 0x0000000722c00000| PB 0x0000000722c00000| Complete 
| 279|0x0000000722e00000, 0x0000000723000000, 0x0000000723000000|100%| E|CS|TAMS 0x0000000722e00000| PB 0x0000000722e00000| Complete 
| 280|0x0000000723000000, 0x0000000723200000, 0x0000000723200000|100%| E|CS|TAMS 0x0000000723000000| PB 0x0000000723000000| Complete 
| 281|0x0000000723200000, 0x0000000723400000, 0x0000000723400000|100%| E|CS|TAMS 0x0000000723200000| PB 0x0000000723200000| Complete 
| 282|0x0000000723400000, 0x0000000723600000, 0x0000000723600000|100%| E|CS|TAMS 0x0000000723400000| PB 0x0000000723400000| Complete 
| 283|0x0000000723600000, 0x0000000723800000, 0x0000000723800000|100%| E|CS|TAMS 0x0000000723600000| PB 0x0000000723600000| Complete 
| 284|0x0000000723800000, 0x0000000723a00000, 0x0000000723a00000|100%| E|CS|TAMS 0x0000000723800000| PB 0x0000000723800000| Complete 
| 285|0x0000000723a00000, 0x0000000723c00000, 0x0000000723c00000|100%| E|CS|TAMS 0x0000000723a00000| PB 0x0000000723a00000| Complete 
| 286|0x0000000723c00000, 0x0000000723e00000, 0x0000000723e00000|100%| E|CS|TAMS 0x0000000723c00000| PB 0x0000000723c00000| Complete 
| 287|0x0000000723e00000, 0x0000000724000000, 0x0000000724000000|100%| E|CS|TAMS 0x0000000723e00000| PB 0x0000000723e00000| Complete 
| 288|0x0000000724000000, 0x0000000724200000, 0x0000000724200000|100%| E|CS|TAMS 0x0000000724000000| PB 0x0000000724000000| Complete 
| 289|0x0000000724200000, 0x0000000724400000, 0x0000000724400000|100%| E|CS|TAMS 0x0000000724200000| PB 0x0000000724200000| Complete 
| 290|0x0000000724400000, 0x0000000724600000, 0x0000000724600000|100%| E|CS|TAMS 0x0000000724400000| PB 0x0000000724400000| Complete 
| 291|0x0000000724600000, 0x0000000724800000, 0x0000000724800000|100%| E|CS|TAMS 0x0000000724600000| PB 0x0000000724600000| Complete 
| 292|0x0000000724800000, 0x0000000724a00000, 0x0000000724a00000|100%| E|CS|TAMS 0x0000000724800000| PB 0x0000000724800000| Complete 
| 293|0x0000000724a00000, 0x0000000724c00000, 0x0000000724c00000|100%| E|CS|TAMS 0x0000000724a00000| PB 0x0000000724a00000| Complete 
| 294|0x0000000724c00000, 0x0000000724e00000, 0x0000000724e00000|100%| E|CS|TAMS 0x0000000724c00000| PB 0x0000000724c00000| Complete 
| 295|0x0000000724e00000, 0x0000000725000000, 0x0000000725000000|100%| E|CS|TAMS 0x0000000724e00000| PB 0x0000000724e00000| Complete 
| 296|0x0000000725000000, 0x0000000725200000, 0x0000000725200000|100%| E|CS|TAMS 0x0000000725000000| PB 0x0000000725000000| Complete 
| 297|0x0000000725200000, 0x0000000725400000, 0x0000000725400000|100%| E|CS|TAMS 0x0000000725200000| PB 0x0000000725200000| Complete 
| 298|0x0000000725400000, 0x0000000725600000, 0x0000000725600000|100%| E|CS|TAMS 0x0000000725400000| PB 0x0000000725400000| Complete 
| 299|0x0000000725600000, 0x0000000725800000, 0x0000000725800000|100%| E|CS|TAMS 0x0000000725600000| PB 0x0000000725600000| Complete 
| 300|0x0000000725800000, 0x0000000725a00000, 0x0000000725a00000|100%| E|CS|TAMS 0x0000000725800000| PB 0x0000000725800000| Complete 
| 301|0x0000000725a00000, 0x0000000725c00000, 0x0000000725c00000|100%| E|CS|TAMS 0x0000000725a00000| PB 0x0000000725a00000| Complete 
| 302|0x0000000725c00000, 0x0000000725e00000, 0x0000000725e00000|100%| E|CS|TAMS 0x0000000725c00000| PB 0x0000000725c00000| Complete 
| 303|0x0000000725e00000, 0x0000000726000000, 0x0000000726000000|100%| E|CS|TAMS 0x0000000725e00000| PB 0x0000000725e00000| Complete 
| 304|0x0000000726000000, 0x0000000726200000, 0x0000000726200000|100%| E|CS|TAMS 0x0000000726000000| PB 0x0000000726000000| Complete 
| 305|0x0000000726200000, 0x0000000726400000, 0x0000000726400000|100%| E|CS|TAMS 0x0000000726200000| PB 0x0000000726200000| Complete 
| 306|0x0000000726400000, 0x0000000726600000, 0x0000000726600000|100%| E|CS|TAMS 0x0000000726400000| PB 0x0000000726400000| Complete 
| 307|0x0000000726600000, 0x0000000726800000, 0x0000000726800000|100%| E|CS|TAMS 0x0000000726600000| PB 0x0000000726600000| Complete 
| 308|0x0000000726800000, 0x0000000726a00000, 0x0000000726a00000|100%| E|CS|TAMS 0x0000000726800000| PB 0x0000000726800000| Complete 
| 309|0x0000000726a00000, 0x0000000726c00000, 0x0000000726c00000|100%| E|CS|TAMS 0x0000000726a00000| PB 0x0000000726a00000| Complete 
| 310|0x0000000726c00000, 0x0000000726e00000, 0x0000000726e00000|100%| E|CS|TAMS 0x0000000726c00000| PB 0x0000000726c00000| Complete 
| 311|0x0000000726e00000, 0x0000000727000000, 0x0000000727000000|100%| E|CS|TAMS 0x0000000726e00000| PB 0x0000000726e00000| Complete 
| 312|0x0000000727000000, 0x0000000727200000, 0x0000000727200000|100%| E|CS|TAMS 0x0000000727000000| PB 0x0000000727000000| Complete 
| 313|0x0000000727200000, 0x0000000727400000, 0x0000000727400000|100%| E|CS|TAMS 0x0000000727200000| PB 0x0000000727200000| Complete 
| 314|0x0000000727400000, 0x0000000727600000, 0x0000000727600000|100%| E|CS|TAMS 0x0000000727400000| PB 0x0000000727400000| Complete 
| 315|0x0000000727600000, 0x0000000727800000, 0x0000000727800000|100%| E|CS|TAMS 0x0000000727600000| PB 0x0000000727600000| Complete 
| 316|0x0000000727800000, 0x0000000727a00000, 0x0000000727a00000|100%| E|CS|TAMS 0x0000000727800000| PB 0x0000000727800000| Complete 
| 317|0x0000000727a00000, 0x0000000727c00000, 0x0000000727c00000|100%| E|CS|TAMS 0x0000000727a00000| PB 0x0000000727a00000| Complete 
| 318|0x0000000727c00000, 0x0000000727e00000, 0x0000000727e00000|100%| E|CS|TAMS 0x0000000727c00000| PB 0x0000000727c00000| Complete 
| 319|0x0000000727e00000, 0x0000000728000000, 0x0000000728000000|100%| E|CS|TAMS 0x0000000727e00000| PB 0x0000000727e00000| Complete 
| 320|0x0000000728000000, 0x0000000728200000, 0x0000000728200000|100%| E|CS|TAMS 0x0000000728000000| PB 0x0000000728000000| Complete 
| 321|0x0000000728200000, 0x0000000728400000, 0x0000000728400000|100%| E|CS|TAMS 0x0000000728200000| PB 0x0000000728200000| Complete 
| 322|0x0000000728400000, 0x0000000728600000, 0x0000000728600000|100%| E|CS|TAMS 0x0000000728400000| PB 0x0000000728400000| Complete 
| 323|0x0000000728600000, 0x0000000728800000, 0x0000000728800000|100%| E|CS|TAMS 0x0000000728600000| PB 0x0000000728600000| Complete 
| 324|0x0000000728800000, 0x0000000728a00000, 0x0000000728a00000|100%| E|CS|TAMS 0x0000000728800000| PB 0x0000000728800000| Complete 
| 325|0x0000000728a00000, 0x0000000728c00000, 0x0000000728c00000|100%| E|CS|TAMS 0x0000000728a00000| PB 0x0000000728a00000| Complete 
| 326|0x0000000728c00000, 0x0000000728e00000, 0x0000000728e00000|100%| E|CS|TAMS 0x0000000728c00000| PB 0x0000000728c00000| Complete 
| 327|0x0000000728e00000, 0x0000000729000000, 0x0000000729000000|100%| E|CS|TAMS 0x0000000728e00000| PB 0x0000000728e00000| Complete 
| 328|0x0000000729000000, 0x0000000729200000, 0x0000000729200000|100%| E|CS|TAMS 0x0000000729000000| PB 0x0000000729000000| Complete 
| 329|0x0000000729200000, 0x0000000729400000, 0x0000000729400000|100%| E|CS|TAMS 0x0000000729200000| PB 0x0000000729200000| Complete 
| 330|0x0000000729400000, 0x0000000729600000, 0x0000000729600000|100%| E|CS|TAMS 0x0000000729400000| PB 0x0000000729400000| Complete 
|2035|0x00000007fe600000, 0x00000007fe800000, 0x00000007fe800000|100%| E|CS|TAMS 0x00000007fe600000| PB 0x00000007fe600000| Complete 
|2036|0x00000007fe800000, 0x00000007fea00000, 0x00000007fea00000|100%| E|CS|TAMS 0x00000007fe800000| PB 0x00000007fe800000| Complete 
|2037|0x00000007fea00000, 0x00000007fec00000, 0x00000007fec00000|100%| O|  |TAMS 0x00000007fea00000| PB 0x00000007fea00000| Untracked 
|2038|0x00000007fec00000, 0x00000007fee00000, 0x00000007fee00000|100%| O|  |TAMS 0x00000007fec00000| PB 0x00000007fec00000| Untracked 
|2039|0x00000007fee00000, 0x00000007ff000000, 0x00000007ff000000|100%| O|  |TAMS 0x00000007fee00000| PB 0x00000007fee00000| Untracked 
|2040|0x00000007ff000000, 0x00000007ff200000, 0x00000007ff200000|100%| O|  |TAMS 0x00000007ff000000| PB 0x00000007ff000000| Untracked 
|2041|0x00000007ff200000, 0x00000007ff400000, 0x00000007ff400000|100%| O|  |TAMS 0x00000007ff200000| PB 0x00000007ff200000| Untracked 
|2042|0x00000007ff400000, 0x00000007ff600000, 0x00000007ff600000|100%| O|  |TAMS 0x00000007ff400000| PB 0x00000007ff400000| Untracked 
|2043|0x00000007ff600000, 0x00000007ff800000, 0x00000007ff800000|100%| E|CS|TAMS 0x00000007ff600000| PB 0x00000007ff600000| Complete 
|2044|0x00000007ff800000, 0x00000007ffa00000, 0x00000007ffa00000|100%| O|  |TAMS 0x00000007ff800000| PB 0x00000007ff800000| Untracked 
|2045|0x00000007ffa00000, 0x00000007ffc00000, 0x00000007ffc00000|100%| O|  |TAMS 0x00000007ffa00000| PB 0x00000007ffa00000| Untracked 
|2046|0x00000007ffc00000, 0x00000007ffe00000, 0x00000007ffe00000|100%| O|  |TAMS 0x00000007ffc00000| PB 0x00000007ffc00000| Untracked 
|2047|0x00000007ffe00000, 0x0000000800000000, 0x0000000800000000|100%| E|CS|TAMS 0x00000007ffe00000| PB 0x00000007ffe00000| Complete 

Card table byte_map: [0x0000019daa0c0000,0x0000019daa8c0000] _byte_map_base: 0x0000019da68c0000

Marking Bits: (CMBitMap*) 0x0000019d974c05b0
 Bits: [0x0000019daa8c0000, 0x0000019dae8c0000)

Polling page: 0x0000019d95400000

Metaspace:

Usage:
  Non-class:    106.44 MB used.
      Class:     16.66 MB used.
       Both:    123.10 MB used.

Virtual space:
  Non-class space:      128.00 MB reserved,     107.56 MB ( 84%) committed,  2 nodes.
      Class space:        1.00 GB reserved,      17.69 MB (  2%) committed,  1 nodes.
             Both:        1.12 GB reserved,     125.25 MB ( 11%) committed. 

Chunk freelists:
   Non-Class:  4.00 MB
       Class:  14.17 MB
        Both:  18.17 MB

MaxMetaspaceSize: unlimited
CompressedClassSpaceSize: 1.00 GB
Initial GC threshold: 21.00 MB
Current GC threshold: 140.94 MB
CDS: off
 - commit_granule_bytes: 65536.
 - commit_granule_words: 8192.
 - virtual_space_node_default_size: 8388608.
 - enlarge_chunks_in_place: 1.
 - use_allocation_guard: 0.


Internal statistics:

num_allocs_failed_limit: 12.
num_arena_births: 4332.
num_arena_deaths: 12.
num_vsnodes_births: 3.
num_vsnodes_deaths: 0.
num_space_committed: 2002.
num_space_uncommitted: 0.
num_chunks_returned_to_freelist: 45.
num_chunks_taken_from_freelist: 9394.
num_chunk_merges: 15.
num_chunk_splits: 6510.
num_chunks_enlarged: 4431.
num_inconsistent_stats: 0.

CodeHeap 'non-profiled nmethods': size=120000Kb used=12812Kb max_used=12812Kb free=107187Kb
 bounds [0x0000019da2060000, 0x0000019da2cf0000, 0x0000019da9590000]
CodeHeap 'profiled nmethods': size=120000Kb used=28625Kb max_used=28625Kb free=91374Kb
 bounds [0x0000019d9a590000, 0x0000019d9c190000, 0x0000019da1ac0000]
CodeHeap 'non-nmethods': size=5760Kb used=2728Kb max_used=2776Kb free=3031Kb
 bounds [0x0000019da1ac0000, 0x0000019da1d80000, 0x0000019da2060000]
CodeCache: size=245760Kb, used=44165Kb, max_used=44213Kb, free=201592Kb
 total_blobs=15597, nmethods=14594, adapters=906, full_count=0
Compilation: enabled, stopped_count=0, restarted_count=0

Compilation events (20 events):
Event: 244.425 Thread 0x0000019db1525bf0 18065       3       kotlin.ranges.IntRange::<init> (8 bytes)
Event: 244.425 Thread 0x0000019db1525bf0 nmethod 18065 0x0000019d9c173690 code [0x0000019d9c173840, 0x0000019d9c173980]
Event: 244.425 Thread 0x0000019db1525bf0 18066       3       kotlin.ranges.IntProgression::<init> (57 bytes)
Event: 244.426 Thread 0x0000019db1525bf0 nmethod 18066 0x0000019d9c173a10 code [0x0000019d9c173c00, 0x0000019d9c173fa8]
Event: 244.427 Thread 0x0000019db1525bf0 18067       1       org.jetbrains.kotlin.serialization.deserialization.descriptors.DeserializedClassDescriptor$DeserializedClassTypeConstructor::getDeclarationDescriptor (5 bytes)
Event: 244.427 Thread 0x0000019db1525bf0 nmethod 18067 0x0000019da2ce1910 code [0x0000019da2ce1aa0, 0x0000019da2ce1b70]
Event: 244.437 Thread 0x0000019db1525bf0 18068       3       org.jetbrains.kotlin.descriptors.impl.ModuleDescriptorImpl::getPackageFragmentProvider (12 bytes)
Event: 244.437 Thread 0x0000019db1525bf0 nmethod 18068 0x0000019d9c174110 code [0x0000019d9c1742e0, 0x0000019d9c1746e8]
Event: 244.437 Thread 0x0000019db1525bf0 18069       3       org.jetbrains.kotlin.descriptors.impl.ModuleDescriptorImpl::getPackageFragmentProviderForWholeModuleWithDependencies (15 bytes)
Event: 244.437 Thread 0x0000019db1525bf0 nmethod 18069 0x0000019d9c174890 code [0x0000019d9c174a40, 0x0000019d9c174d10]
Event: 244.439 Thread 0x0000019db1525bf0 18070       1       org.jetbrains.kotlin.resolve.calls.components.candidate.SimpleResolutionCandidate::getResolvedCall (5 bytes)
Event: 244.440 Thread 0x0000019db1525bf0 nmethod 18070 0x0000019da2ce1c10 code [0x0000019da2ce1da0, 0x0000019da2ce1e70]
Event: 244.450 Thread 0x0000019db1525bf0 18071       1       org.jetbrains.kotlin.util.AttributeArrayOwner::getArrayMap (5 bytes)
Event: 244.450 Thread 0x0000019db1525bf0 nmethod 18071 0x0000019da2ce1f10 code [0x0000019da2ce20a0, 0x0000019da2ce2170]
Event: 244.450 Thread 0x0000019db1525bf0 18072       3       org.jetbrains.kotlin.types.UnwrappedType::unwrap (2 bytes)
Event: 244.450 Thread 0x0000019db1525bf0 nmethod 18072 0x0000019d9c174e10 code [0x0000019d9c174fa0, 0x0000019d9c1750b0]
Event: 244.450 Thread 0x0000019db1525bf0 18073       1       org.jetbrains.kotlin.types.SimpleTypeImpl::getArguments (5 bytes)
Event: 244.450 Thread 0x0000019db1525bf0 nmethod 18073 0x0000019da2ce2210 code [0x0000019da2ce23a0, 0x0000019da2ce2470]
Event: 244.450 Thread 0x0000019db1525bf0 18074       1       org.jetbrains.kotlin.resolve.calls.model.MutableResolvedCallAtom::getAtom (5 bytes)
Event: 244.450 Thread 0x0000019db1525bf0 nmethod 18074 0x0000019da2ce2510 code [0x0000019da2ce26a0, 0x0000019da2ce2770]

GC Heap History (20 events):
Event: 157.260 GC heap before
{Heap before GC invocations=82 (full 0):
 garbage-first heap   total 704512K, used 543690K [0x0000000700000000, 0x0000000800000000)
  region size 2048K, 206 young (421888K), 5 survivors (10240K)
 Metaspace       used 85055K, committed 86912K, reserved 1179648K
  class space    used 11726K, committed 12608K, reserved 1048576K
}
Event: 157.275 GC heap after
{Heap after GC invocations=83 (full 0):
 garbage-first heap   total 704512K, used 133454K [0x0000000700000000, 0x0000000800000000)
  region size 2048K, 4 young (8192K), 4 survivors (8192K)
 Metaspace       used 85055K, committed 86912K, reserved 1179648K
  class space    used 11726K, committed 12608K, reserved 1048576K
}
Event: 165.813 GC heap before
{Heap before GC invocations=83 (full 0):
 garbage-first heap   total 704512K, used 545102K [0x0000000700000000, 0x0000000800000000)
  region size 2048K, 206 young (421888K), 4 survivors (8192K)
 Metaspace       used 85462K, committed 87296K, reserved 1179648K
  class space    used 11787K, committed 12672K, reserved 1048576K
}
Event: 165.850 GC heap after
{Heap after GC invocations=84 (full 0):
 garbage-first heap   total 704512K, used 138903K [0x0000000700000000, 0x0000000800000000)
  region size 2048K, 7 young (14336K), 7 survivors (14336K)
 Metaspace       used 85462K, committed 87296K, reserved 1179648K
  class space    used 11787K, committed 12672K, reserved 1048576K
}
Event: 167.799 GC heap before
{Heap before GC invocations=84 (full 0):
 garbage-first heap   total 704512K, used 546455K [0x0000000700000000, 0x0000000800000000)
  region size 2048K, 206 young (421888K), 7 survivors (14336K)
 Metaspace       used 85475K, committed 87296K, reserved 1179648K
  class space    used 11787K, committed 12672K, reserved 1048576K
}
Event: 167.878 GC heap after
{Heap after GC invocations=85 (full 0):
 garbage-first heap   total 704512K, used 141353K [0x0000000700000000, 0x0000000800000000)
  region size 2048K, 7 young (14336K), 7 survivors (14336K)
 Metaspace       used 85475K, committed 87296K, reserved 1179648K
  class space    used 11787K, committed 12672K, reserved 1048576K
}
Event: 172.315 GC heap before
{Heap before GC invocations=85 (full 0):
 garbage-first heap   total 704512K, used 548905K [0x0000000700000000, 0x0000000800000000)
  region size 2048K, 206 young (421888K), 7 survivors (14336K)
 Metaspace       used 85502K, committed 87360K, reserved 1179648K
  class space    used 11787K, committed 12672K, reserved 1048576K
}
Event: 172.429 GC heap after
{Heap after GC invocations=86 (full 0):
 garbage-first heap   total 704512K, used 138272K [0x0000000700000000, 0x0000000800000000)
  region size 2048K, 7 young (14336K), 7 survivors (14336K)
 Metaspace       used 85502K, committed 87360K, reserved 1179648K
  class space    used 11787K, committed 12672K, reserved 1048576K
}
Event: 177.443 GC heap before
{Heap before GC invocations=86 (full 0):
 garbage-first heap   total 704512K, used 545824K [0x0000000700000000, 0x0000000800000000)
  region size 2048K, 206 young (421888K), 7 survivors (14336K)
 Metaspace       used 85751K, committed 87552K, reserved 1179648K
  class space    used 11815K, committed 12672K, reserved 1048576K
}
Event: 177.459 GC heap after
{Heap after GC invocations=87 (full 0):
 garbage-first heap   total 704512K, used 137733K [0x0000000700000000, 0x0000000800000000)
  region size 2048K, 6 young (12288K), 6 survivors (12288K)
 Metaspace       used 85751K, committed 87552K, reserved 1179648K
  class space    used 11815K, committed 12672K, reserved 1048576K
}
Event: 183.990 GC heap before
{Heap before GC invocations=87 (full 0):
 garbage-first heap   total 704512K, used 549381K [0x0000000700000000, 0x0000000800000000)
  region size 2048K, 206 young (421888K), 6 survivors (12288K)
 Metaspace       used 87655K, committed 89472K, reserved 1179648K
  class space    used 12013K, committed 12864K, reserved 1048576K
}
Event: 184.001 GC heap after
{Heap after GC invocations=88 (full 0):
 garbage-first heap   total 704512K, used 139454K [0x0000000700000000, 0x0000000800000000)
  region size 2048K, 6 young (12288K), 6 survivors (12288K)
 Metaspace       used 87655K, committed 89472K, reserved 1179648K
  class space    used 12013K, committed 12864K, reserved 1048576K
}
Event: 186.806 GC heap before
{Heap before GC invocations=88 (full 0):
 garbage-first heap   total 704512K, used 551102K [0x0000000700000000, 0x0000000800000000)
  region size 2048K, 206 young (421888K), 6 survivors (12288K)
 Metaspace       used 87983K, committed 89792K, reserved 1179648K
  class space    used 12027K, committed 12928K, reserved 1048576K
}
Event: 186.815 GC heap after
{Heap after GC invocations=89 (full 0):
 garbage-first heap   total 704512K, used 138284K [0x0000000700000000, 0x0000000800000000)
  region size 2048K, 6 young (12288K), 6 survivors (12288K)
 Metaspace       used 87983K, committed 89792K, reserved 1179648K
  class space    used 12027K, committed 12928K, reserved 1048576K
}
Event: 188.155 GC heap before
{Heap before GC invocations=89 (full 0):
 garbage-first heap   total 704512K, used 547884K [0x0000000700000000, 0x0000000800000000)
  region size 2048K, 206 young (421888K), 6 survivors (12288K)
 Metaspace       used 87989K, committed 89792K, reserved 1179648K
  class space    used 12027K, committed 12928K, reserved 1048576K
}
Event: 188.276 GC heap after
{Heap after GC invocations=90 (full 0):
 garbage-first heap   total 704512K, used 138447K [0x0000000700000000, 0x0000000800000000)
  region size 2048K, 7 young (14336K), 7 survivors (14336K)
 Metaspace       used 87989K, committed 89792K, reserved 1179648K
  class space    used 12027K, committed 12928K, reserved 1048576K
}
Event: 193.950 GC heap before
{Heap before GC invocations=90 (full 0):
 garbage-first heap   total 704512K, used 545999K [0x0000000700000000, 0x0000000800000000)
  region size 2048K, 206 young (421888K), 7 survivors (14336K)
 Metaspace       used 87993K, committed 89856K, reserved 1179648K
  class space    used 12027K, committed 12928K, reserved 1048576K
}
Event: 193.965 GC heap after
{Heap after GC invocations=91 (full 0):
 garbage-first heap   total 704512K, used 138597K [0x0000000700000000, 0x0000000800000000)
  region size 2048K, 6 young (12288K), 6 survivors (12288K)
 Metaspace       used 87993K, committed 89856K, reserved 1179648K
  class space    used 12027K, committed 12928K, reserved 1048576K
}
Event: 221.563 GC heap before
{Heap before GC invocations=91 (full 0):
 garbage-first heap   total 704512K, used 548197K [0x0000000700000000, 0x0000000800000000)
  region size 2048K, 206 young (421888K), 6 survivors (12288K)
 Metaspace       used 97754K, committed 99584K, reserved 1179648K
  class space    used 13710K, committed 14592K, reserved 1048576K
}
Event: 221.613 GC heap after
{Heap after GC invocations=92 (full 0):
 garbage-first heap   total 704512K, used 139130K [0x0000000700000000, 0x0000000800000000)
  region size 2048K, 6 young (12288K), 6 survivors (12288K)
 Metaspace       used 97754K, committed 99584K, reserved 1179648K
  class space    used 13710K, committed 14592K, reserved 1048576K
}

Dll operation events (3 events):
Event: 0.078 Loaded shared library D:\Android Studio\jbr\bin\java.dll
Event: 0.090 Loaded shared library D:\Android Studio\jbr\bin\zip.dll
Event: 2.721 Loaded shared library D:\Android Studio\jbr\bin\verify.dll

Deoptimization events (20 events):
Event: 244.319 Thread 0x0000019db7a6f690 Uncommon trap: trap_request=0xffffff3d fr.pc=0x0000019da2ca7b9c relative=0x000000000000347c
Event: 244.319 Thread 0x0000019db7a6f690 Uncommon trap: reason=unstable_fused_if action=reinterpret pc=0x0000019da2ca7b9c method=org.jetbrains.kotlin.metadata.ProtoBuf$Type.<init>(Lorg/jetbrains/kotlin/protobuf/CodedInputStream;Lorg/jetbrains/kotlin/protobuf/ExtensionRegistryLite;)V @ 49 c2
Event: 244.319 Thread 0x0000019db7a6f690 DEOPT PACKING pc=0x0000019da2ca7b9c sp=0x00000089746eefe0
Event: 244.319 Thread 0x0000019db7a6f690 DEOPT UNPACKING pc=0x0000019da1b14422 sp=0x00000089746eefa8 mode 2
Event: 244.320 Thread 0x0000019db7a6f690 Uncommon trap: trap_request=0xffffff45 fr.pc=0x0000019da2cadc4c relative=0x0000000000000a8c
Event: 244.320 Thread 0x0000019db7a6f690 Uncommon trap: reason=unstable_if action=reinterpret pc=0x0000019da2cadc4c method=org.jetbrains.kotlin.metadata.ProtoBuf$Type.hasFlexibleUpperBound()Z @ 7 c2
Event: 244.320 Thread 0x0000019db7a6f690 DEOPT PACKING pc=0x0000019da2cadc4c sp=0x00000089746ef730
Event: 244.320 Thread 0x0000019db7a6f690 DEOPT UNPACKING pc=0x0000019da1b14422 sp=0x00000089746ef5a8 mode 2
Event: 244.320 Thread 0x0000019db7a6f690 Uncommon trap: trap_request=0xffffff45 fr.pc=0x0000019da2ca1738 relative=0x0000000000000838
Event: 244.320 Thread 0x0000019db7a6f690 Uncommon trap: reason=unstable_if action=reinterpret pc=0x0000019da2ca1738 method=org.jetbrains.kotlin.metadata.ProtoBuf$Type.getSerializedSize()I @ 108 c2
Event: 244.320 Thread 0x0000019db7a6f690 DEOPT PACKING pc=0x0000019da2ca1738 sp=0x00000089746ef2a0
Event: 244.320 Thread 0x0000019db7a6f690 DEOPT UNPACKING pc=0x0000019da1b14422 sp=0x00000089746ef240 mode 2
Event: 244.320 Thread 0x0000019db7a6f690 Uncommon trap: trap_request=0xffffff45 fr.pc=0x0000019da2cd1440 relative=0x0000000000001540
Event: 244.320 Thread 0x0000019db7a6f690 Uncommon trap: reason=unstable_if action=reinterpret pc=0x0000019da2cd1440 method=org.jetbrains.kotlin.metadata.ProtoBuf$Type.writeTo(Lorg/jetbrains/kotlin/protobuf/CodedOutputStream;)V @ 98 c2
Event: 244.320 Thread 0x0000019db7a6f690 DEOPT PACKING pc=0x0000019da2cd1440 sp=0x00000089746ef250
Event: 244.320 Thread 0x0000019db7a6f690 DEOPT UNPACKING pc=0x0000019da1b14422 sp=0x00000089746ef248 mode 2
Event: 244.440 Thread 0x0000019db7a6f690 Uncommon trap: trap_request=0xffffff45 fr.pc=0x0000019da2c8d6f8 relative=0x00000000000001d8
Event: 244.440 Thread 0x0000019db7a6f690 Uncommon trap: reason=unstable_if action=reinterpret pc=0x0000019da2c8d6f8 method=org.jetbrains.kotlin.name.Name.equals(Ljava/lang/Object;)Z @ 29 c2
Event: 244.440 Thread 0x0000019db7a6f690 DEOPT PACKING pc=0x0000019da2c8d6f8 sp=0x00000089746ef480
Event: 244.440 Thread 0x0000019db7a6f690 DEOPT UNPACKING pc=0x0000019da1b14422 sp=0x00000089746ef420 mode 2

Classes loaded (20 events):
Event: 224.158 Loading class jdk/internal/access/foreign/UnmapperProxy
Event: 224.159 Loading class jdk/internal/access/foreign/UnmapperProxy done
Event: 224.159 Loading class sun/nio/ch/FileChannelImpl$Unmapper done
Event: 224.159 Loading class sun/nio/ch/FileChannelImpl$DefaultUnmapper done
Event: 224.159 Loading class sun/nio/ch/Util$4
Event: 224.161 Loading class sun/nio/ch/Util$4 done
Event: 224.189 Loading class java/io/UTFDataFormatException
Event: 224.190 Loading class java/io/UTFDataFormatException done
Event: 228.164 Loading class java/nio/channels/NonWritableChannelException
Event: 228.165 Loading class java/nio/channels/NonWritableChannelException done
Event: 239.075 Loading class java/text/StringCharacterIterator
Event: 239.076 Loading class java/text/CharacterIterator
Event: 239.077 Loading class java/text/CharacterIterator done
Event: 239.077 Loading class java/text/StringCharacterIterator done
Event: 239.201 Loading class java/io/NotSerializableException
Event: 239.202 Loading class java/io/NotSerializableException done
Event: 240.932 Loading class java/util/function/IntUnaryOperator
Event: 240.932 Loading class java/util/function/IntUnaryOperator done
Event: 241.060 Loading class java/util/AbstractList$SubList$1
Event: 241.061 Loading class java/util/AbstractList$SubList$1 done

Classes unloaded (20 events):
Event: 42.183 Thread 0x0000019db10f8a60 Unloading class 0x00000008008e8000 'TestEventLogger'
Event: 61.162 Thread 0x0000019db10f8a60 Unloading class 0x00000008008e8420 '_BuildScript_$_run_closure1$_closure2$_closure4'
Event: 61.162 Thread 0x0000019db10f8a60 Unloading class 0x00000008008e8000 '_BuildScript_$_run_closure1$_closure2$_closure3'
Event: 61.162 Thread 0x0000019db10f8a60 Unloading class 0x0000000800906988 '_BuildScript_$_run_closure1$_closure2'
Event: 61.162 Thread 0x0000019db10f8a60 Unloading class 0x0000000800906568 '_BuildScript_$_run_closure1'
Event: 61.162 Thread 0x0000019db10f8a60 Unloading class 0x0000000800906000 '_BuildScript_'
Event: 68.494 Thread 0x0000019db10f8a60 Unloading class 0x00000008009f3420 '_BuildScript_'
Event: 68.494 Thread 0x0000019db10f8a60 Unloading class 0x00000008009f3000 'SetupUtpTestResultListenerAction$_execute_closure1$_closure2'
Event: 68.494 Thread 0x0000019db10f8a60 Unloading class 0x00000008009f2ad0 'SetupUtpTestResultListenerAction$_execute_closure1'
Event: 68.494 Thread 0x0000019db10f8a60 Unloading class 0x00000008009f2800 'SetupUtpTestResultListenerAction'
Event: 68.494 Thread 0x0000019db10f8a60 Unloading class 0x00000008009f0420 '_BuildScript_$_run_closure1$_closure3'
Event: 68.494 Thread 0x0000019db10f8a60 Unloading class 0x00000008009f0000 '_BuildScript_$_run_closure1$_closure2'
Event: 68.494 Thread 0x0000019db10f8a60 Unloading class 0x00000008009ef988 '_BuildScript_$_run_closure1'
Event: 68.494 Thread 0x0000019db10f8a60 Unloading class 0x00000008009ef420 '_BuildScript_'
Event: 68.494 Thread 0x0000019db10f8a60 Unloading class 0x00000008009ef000 'KotlinCoroutineJvmDebugArgumentsProvider$_asArguments_closure1'
Event: 68.494 Thread 0x0000019db10f8a60 Unloading class 0x00000008009eea30 'KotlinCoroutineJvmDebugArgumentsProvider'
Event: 68.494 Thread 0x0000019db10f8a60 Unloading class 0x00000008009ee800 'Properties'
Event: 68.494 Thread 0x0000019db10f8a60 Unloading class 0x00000008009ec988 '_BuildScript_$_run_closure1$_closure2'
Event: 68.494 Thread 0x0000019db10f8a60 Unloading class 0x00000008009ec568 '_BuildScript_$_run_closure1'
Event: 68.494 Thread 0x0000019db10f8a60 Unloading class 0x00000008009ec000 '_BuildScript_'

Classes redefined (0 events):
No events

Internal exceptions (20 events):
Event: 219.210 Thread 0x0000019db7a6f690 Exception <a 'java/lang/NoSuchMethodError'{0x0000000711e27ed8}: 'long java.lang.invoke.DirectMethodHandle$Holder.invokeStatic(java.lang.Object)'> (0x0000000711e27ed8) 
thrown [s\src\hotspot\share\interpreter\linkResolver.cpp, line 784]
Event: 219.216 Thread 0x0000019db7a6f690 Exception <a 'java/lang/NoSuchMethodError'{0x0000000711e2c7b8}: 'long java.lang.invoke.DirectMethodHandle$Holder.invokeStaticInit(java.lang.Object)'> (0x0000000711e2c7b8) 
thrown [s\src\hotspot\share\interpreter\linkResolver.cpp, line 784]
Event: 219.586 Thread 0x0000019db7a6f690 Exception <a 'java/lang/NoSuchMethodError'{0x0000000711b231f8}: 'long java.lang.invoke.Invokers$Holder.invoke_MT(java.lang.Object, java.lang.Object, java.lang.Object, java.lang.Object)'> (0x0000000711b231f8) 
thrown [s\src\hotspot\share\interpreter\linkResolver.cpp, line 784]
Event: 219.598 Thread 0x0000019db7a6f690 Exception <a 'java/lang/NoSuchMethodError'{0x0000000711b2c038}: 'int java.lang.invoke.Invokers$Holder.invoke_MT(java.lang.Object, java.lang.Object, java.lang.Object, java.lang.Object)'> (0x0000000711b2c038) 
thrown [s\src\hotspot\share\interpreter\linkResolver.cpp, line 784]
Event: 219.606 Thread 0x0000019db7a6f690 Exception <a 'java/lang/NoSuchMethodError'{0x0000000711b383d0}: 'void java.lang.invoke.DelegatingMethodHandle$Holder.reinvoke_L(java.lang.Object, java.lang.Object, java.lang.Object, long, java.lang.Object)'> (0x0000000711b383d0) 
thrown [s\src\hotspot\share\interpreter\linkResolver.cpp, line 784]
Event: 219.615 Thread 0x0000019db7a6f690 Exception <a 'java/lang/NoSuchMethodError'{0x0000000711b4ae10}: 'int java.lang.invoke.DelegatingMethodHandle$Holder.reinvoke_L(java.lang.Object, java.lang.Object, java.lang.Object, long, java.lang.Object, java.lang.Object)'> (0x0000000711b4ae10) 
thrown [s\src\hotspot\share\interpreter\linkResolver.cpp, line 784]
Event: 219.620 Thread 0x0000019db7a6f690 Exception <a 'java/lang/NoSuchMethodError'{0x0000000711b5a358}: 'int java.lang.invoke.DelegatingMethodHandle$Holder.reinvoke_L(java.lang.Object, java.lang.Object, java.lang.Object, long, int, int)'> (0x0000000711b5a358) 
thrown [s\src\hotspot\share\interpreter\linkResolver.cpp, line 784]
Event: 219.625 Thread 0x0000019db7a6f690 Exception <a 'java/lang/NoSuchMethodError'{0x0000000711b69650}: 'int java.lang.invoke.DelegatingMethodHandle$Holder.reinvoke_L(java.lang.Object, java.lang.Object, java.lang.Object, long, long, long)'> (0x0000000711b69650) 
thrown [s\src\hotspot\share\interpreter\linkResolver.cpp, line 784]
Event: 219.632 Thread 0x0000019db7a6f690 Exception <a 'java/lang/NoSuchMethodError'{0x0000000711b785e8}: 'int java.lang.invoke.DelegatingMethodHandle$Holder.reinvoke_L(java.lang.Object, java.lang.Object, java.lang.Object, long, int)'> (0x0000000711b785e8) 
thrown [s\src\hotspot\share\interpreter\linkResolver.cpp, line 784]
Event: 223.996 Thread 0x0000019db7a6f690 Exception <a 'java/lang/NoSuchMethodError'{0x0000000728530f68}: 'java.lang.Object java.lang.invoke.Invokers$Holder.invokeExact_MT(java.lang.Object, java.lang.Object, long, java.lang.Object)'> (0x0000000728530f68) 
thrown [s\src\hotspot\share\interpreter\linkResolver.cpp, line 784]
Event: 224.169 Thread 0x0000019db7a6f690 Exception <a 'java/lang/NoSuchMethodError'{0x000000072839d988}: 'long java.lang.invoke.DirectMethodHandle$Holder.invokeStatic(java.lang.Object, java.lang.Object, int)'> (0x000000072839d988) 
thrown [s\src\hotspot\share\interpreter\linkResolver.cpp, line 784]
Event: 224.174 Thread 0x0000019db7a6f690 Exception <a 'java/lang/NoSuchMethodError'{0x00000007283a9e50}: 'java.lang.Object java.lang.invoke.DelegatingMethodHandle$Holder.reinvoke_L(java.lang.Object, int, long, java.lang.Object, java.lang.Object, int, java.lang.Object)'> (0x00000007283a9e50) 
thrown [s\src\hotspot\share\interpreter\linkResolver.cpp, line 784]
Event: 227.740 Thread 0x0000019db7e21120 Exception <a 'sun/nio/fs/WindowsException'{0x00000007235069e8}> (0x00000007235069e8) 
thrown [s\src\hotspot\share\prims\jni.cpp, line 537]
Event: 227.744 Thread 0x0000019db7e21120 Exception <a 'sun/nio/fs/WindowsException'{0x0000000723516bf0}> (0x0000000723516bf0) 
thrown [s\src\hotspot\share\prims\jni.cpp, line 537]
Event: 236.462 Thread 0x0000019db7a6f690 Exception <a 'java/lang/NoSuchMethodError'{0x000000071bf5f218}: 'java.lang.Object java.lang.invoke.DirectMethodHandle$Holder.newInvokeSpecial(java.lang.Object, java.lang.Object, java.lang.Object, java.lang.Object, java.lang.Object, java.lang.Object, java.lang.Object, java.lang.Object, java.lang.Object, java.lang.Object, java.lang.Object, java.lang.Object, java.lang.Object, java.lang.Object, java.lang.Object, java.lang.Object, java.lang.Object, java.lang.Object, java.lang.Object, java.lang.Object, java.lang
Event: 236.493 Thread 0x0000019db7a6f690 Exception <a 'java/lang/NoSuchMethodError'{0x000000071bd3c830}: 'java.lang.Object java.lang.invoke.DirectMethodHandle$Holder.newInvokeSpecial(java.lang.Object, java.lang.Object, java.lang.Object, java.lang.Object, java.lang.Object, java.lang.Object, java.lang.Object, java.lang.Object, java.lang.Object, java.lang.Object, java.lang.Object, java.lang.Object, java.lang.Object, java.lang.Object, java.lang.Object, java.lang.Object, java.lang.Object, java.lang.Object, java.lang.Object, java.lang.Object)'> (0x0000
Event: 236.494 Thread 0x0000019db7a6f690 Exception <a 'java/lang/NoSuchMethodError'{0x000000071bd44098}: 'java.lang.Object java.lang.invoke.DirectMethodHandle$Holder.invokeSpecial(java.lang.Object, java.lang.Object, java.lang.Object, java.lang.Object, java.lang.Object, java.lang.Object, java.lang.Object, java.lang.Object, java.lang.Object, java.lang.Object, java.lang.Object, java.lang.Object, java.lang.Object, java.lang.Object, java.lang.Object, java.lang.Object, java.lang.Object, java.lang.Object, java.lang.Object, java.lang.Object, java.lang.Ob
Event: 236.495 Thread 0x0000019db7a6f690 Exception <a 'java/lang/NoSuchMethodError'{0x000000071bd4a5a8}: 'java.lang.Object java.lang.invoke.DelegatingMethodHandle$Holder.reinvoke_L(java.lang.Object, java.lang.Object, java.lang.Object, java.lang.Object, java.lang.Object, java.lang.Object, java.lang.Object, java.lang.Object, java.lang.Object, java.lang.Object, java.lang.Object, java.lang.Object, java.lang.Object, java.lang.Object, java.lang.Object, java.lang.Object, java.lang.Object, java.lang.Object, java.lang.Object, java.lang.Object)'> (0x000000
Event: 238.174 Thread 0x0000019db7e21120 Exception <a 'sun/nio/fs/WindowsException'{0x000000071a908bf0}> (0x000000071a908bf0) 
thrown [s\src\hotspot\share\prims\jni.cpp, line 537]
Event: 238.191 Thread 0x0000019db7e21120 Exception <a 'sun/nio/fs/WindowsException'{0x000000071a918e00}> (0x000000071a918e00) 
thrown [s\src\hotspot\share\prims\jni.cpp, line 537]

ZGC Phase Switch (0 events):
No events

VM Operations (20 events):
Event: 238.442 Executing VM operation: HandshakeAllThreads (Deoptimize)
Event: 238.443 Executing VM operation: HandshakeAllThreads (Deoptimize) done
Event: 238.849 Executing VM operation: HandshakeAllThreads (Deoptimize)
Event: 238.850 Executing VM operation: HandshakeAllThreads (Deoptimize) done
Event: 239.864 Executing VM operation: Cleanup
Event: 239.865 Executing VM operation: Cleanup done
Event: 240.627 Executing VM operation: HandshakeAllThreads (HandshakeForDeflation)
Event: 240.627 Executing VM operation: HandshakeAllThreads (HandshakeForDeflation) done
Event: 240.627 Executing VM operation: RendezvousGCThreads
Event: 240.627 Executing VM operation: RendezvousGCThreads done
Event: 241.370 Executing VM operation: HandshakeAllThreads (Deoptimize)
Event: 241.370 Executing VM operation: HandshakeAllThreads (Deoptimize) done
Event: 241.370 Executing VM operation: Cleanup
Event: 241.370 Executing VM operation: Cleanup done
Event: 242.375 Executing VM operation: Cleanup
Event: 242.390 Executing VM operation: Cleanup done
Event: 243.403 Executing VM operation: Cleanup
Event: 244.025 Executing VM operation: Cleanup done
Event: 245.039 Executing VM operation: Cleanup
Event: 245.460 Executing VM operation: Cleanup done

Memory protections (0 events):
No events

Nmethod flushes (20 events):
Event: 108.804 Thread 0x0000019db10f8a60 flushing  nmethod 0x0000019d9aa1a790
Event: 108.804 Thread 0x0000019db10f8a60 flushing  nmethod 0x0000019d9acf3910
Event: 108.804 Thread 0x0000019db10f8a60 flushing  nmethod 0x0000019d9ad47d90
Event: 108.804 Thread 0x0000019db10f8a60 flushing  nmethod 0x0000019d9ad49190
Event: 108.804 Thread 0x0000019db10f8a60 flushing  nmethod 0x0000019d9ae55910
Event: 108.804 Thread 0x0000019db10f8a60 flushing  nmethod 0x0000019d9ae94410
Event: 108.804 Thread 0x0000019db10f8a60 flushing  nmethod 0x0000019d9b830110
Event: 108.804 Thread 0x0000019db10f8a60 flushing  nmethod 0x0000019d9b92f190
Event: 108.804 Thread 0x0000019db10f8a60 flushing  nmethod 0x0000019d9b956610
Event: 108.804 Thread 0x0000019db10f8a60 flushing  nmethod 0x0000019da2740e90
Event: 108.804 Thread 0x0000019db10f8a60 flushing  nmethod 0x0000019da27fe410
Event: 108.804 Thread 0x0000019db10f8a60 flushing  nmethod 0x0000019da27ff710
Event: 108.804 Thread 0x0000019db10f8a60 flushing osr nmethod 0x0000019d9acca990
Event: 108.804 Thread 0x0000019db10f8a60 flushing  nmethod 0x0000019d9afd1790
Event: 108.804 Thread 0x0000019db10f8a60 flushing  nmethod 0x0000019d9b185390
Event: 108.804 Thread 0x0000019db10f8a60 flushing  nmethod 0x0000019d9b799910
Event: 108.804 Thread 0x0000019db10f8a60 flushing  nmethod 0x0000019d9b7a4e10
Event: 108.804 Thread 0x0000019db10f8a60 flushing  nmethod 0x0000019d9b7b2010
Event: 108.804 Thread 0x0000019db10f8a60 flushing  nmethod 0x0000019d9b9c8c90
Event: 108.804 Thread 0x0000019db10f8a60 flushing  nmethod 0x0000019d9ba07390

Events (20 events):
Event: 66.960 Thread 0x0000019db7a6f690 Thread added: 0x0000019dbaadb540
Event: 82.137 Thread 0x0000019db7a6f690 Thread added: 0x0000019dbaad80c0
Event: 82.141 Thread 0x0000019db7a6f690 Thread added: 0x0000019dbaadaeb0
Event: 82.142 Thread 0x0000019db7a6f690 Thread added: 0x0000019dbaadbbd0
Event: 82.144 Thread 0x0000019db7a6f690 Thread added: 0x0000019dbaad8de0
Event: 82.145 Thread 0x0000019db7a6f690 Thread added: 0x0000019dbaadc260
Event: 82.145 Thread 0x0000019db7a6f690 Thread added: 0x0000019dbaadc8f0
Event: 82.147 Thread 0x0000019db7a6f690 Thread added: 0x0000019dbaad9470
Event: 93.906 Thread 0x0000019db1525bf0 Thread added: 0x0000019db79c96b0
Event: 96.724 Thread 0x0000019db79c96b0 Thread exited: 0x0000019db79c96b0
Event: 98.485 Thread 0x0000019db1525150 Thread added: 0x0000019db79c96b0
Event: 98.620 Thread 0x0000019db79c96b0 Thread exited: 0x0000019db79c96b0
Event: 98.817 Thread 0x0000019db1525150 Thread added: 0x0000019db79c96b0
Event: 100.584 Thread 0x0000019db79c96b0 Thread exited: 0x0000019db79c96b0
Event: 101.542 Thread 0x0000019db1525bf0 Thread added: 0x0000019db79c96b0
Event: 105.852 Thread 0x0000019db79c96b0 Thread exited: 0x0000019db79c96b0
Event: 136.376 Thread 0x0000019db1525bf0 Thread added: 0x0000019db79c96b0
Event: 136.817 Thread 0x0000019db79c96b0 Thread exited: 0x0000019db79c96b0
Event: 200.358 Thread 0x0000019db1525bf0 Thread added: 0x0000019dbb5083a0
Event: 200.775 Thread 0x0000019dbb5083a0 Thread exited: 0x0000019dbb5083a0


Dynamic libraries:
0x00007ff6e8400000 - 0x00007ff6e840a000 	D:\Android Studio\jbr\bin\java.exe
0x00007ff904d20000 - 0x00007ff904f87000 	C:\WINDOWS\SYSTEM32\ntdll.dll
0x00007ff902ab0000 - 0x00007ff902b79000 	C:\WINDOWS\System32\KERNEL32.DLL
0x00007ff9015f0000 - 0x00007ff9019e4000 	C:\WINDOWS\System32\KERNELBASE.dll
0x00007ff902730000 - 0x00007ff90287b000 	C:\WINDOWS\System32\ucrtbase.dll
0x00007ff8f30d0000 - 0x00007ff8f30eb000 	D:\Android Studio\jbr\bin\VCRUNTIME140.dll
0x00007ff8ec6e0000 - 0x00007ff8ec6f8000 	D:\Android Studio\jbr\bin\jli.dll
0x00007ff902c10000 - 0x00007ff902dd5000 	C:\WINDOWS\System32\USER32.dll
0x00007ff902880000 - 0x00007ff9028a7000 	C:\WINDOWS\System32\win32u.dll
0x00007ff9044c0000 - 0x00007ff9044eb000 	C:\WINDOWS\System32\GDI32.dll
0x00007ff8eebd0000 - 0x00007ff8eee63000 	C:\WINDOWS\WinSxS\amd64_microsoft.windows.common-controls_6595b64144ccf1df_6.0.26100.8115_none_3e075c82e3354f9c\COMCTL32.dll
0x00007ff902260000 - 0x00007ff90238b000 	C:\WINDOWS\System32\gdi32full.dll
0x00007ff903b10000 - 0x00007ff903bb9000 	C:\WINDOWS\System32\msvcrt.dll
0x00007ff902940000 - 0x00007ff9029e3000 	C:\WINDOWS\System32\msvcp_win.dll
0x00007ff903930000 - 0x00007ff903962000 	C:\WINDOWS\System32\IMM32.DLL
0x0000000055cb0000 - 0x0000000055cbc000 	C:\Program Files (x86)\360\Total Security\safemon\SafeWrapper.dll
0x00007ff903870000 - 0x00007ff903926000 	C:\WINDOWS\System32\ADVAPI32.dll
0x00007ff904610000 - 0x00007ff9046b7000 	C:\WINDOWS\System32\sechost.dll
0x00007ff9044f0000 - 0x00007ff904608000 	C:\WINDOWS\System32\RPCRT4.dll
0x00007ff89b560000 - 0x00007ff89b60c000 	C:\Program Files (x86)\360\Total Security\safemon\libzdtp64.dll
0x00007ff902f20000 - 0x00007ff903687000 	C:\WINDOWS\System32\SHELL32.dll
0x00007ff902390000 - 0x00007ff9024fa000 	C:\WINDOWS\System32\wintypes.dll
0x00007ff904950000 - 0x00007ff904cd2000 	C:\WINDOWS\System32\combase.dll
0x00007ff9043f0000 - 0x00007ff904456000 	C:\WINDOWS\System32\SHLWAPI.dll
0x00007ff9019f0000 - 0x00007ff902258000 	C:\WINDOWS\System32\Windows.Storage.dll
0x00007ff9010d0000 - 0x00007ff9010db000 	C:\WINDOWS\SYSTEM32\VERSION.dll
0x00007ff8f59e0000 - 0x00007ff8f59ec000 	D:\Android Studio\jbr\bin\vcruntime140_1.dll
0x00007ff89bde0000 - 0x00007ff89be6d000 	D:\Android Studio\jbr\bin\msvcp140.dll
0x00007ff845970000 - 0x00007ff846606000 	D:\Android Studio\jbr\bin\server\jvm.dll
0x00007ff9048a0000 - 0x00007ff904920000 	C:\WINDOWS\System32\WS2_32.dll
0x00007ff901450000 - 0x00007ff9014ae000 	C:\WINDOWS\SYSTEM32\POWRPROF.dll
0x00007ff8f8ba0000 - 0x00007ff8f8bd6000 	C:\WINDOWS\SYSTEM32\WINMM.dll
0x00007ff901430000 - 0x00007ff901444000 	C:\WINDOWS\SYSTEM32\UMPDC.dll
0x00007ff900310000 - 0x00007ff90032b000 	C:\WINDOWS\SYSTEM32\kernel.appcore.dll
0x00007ff8f2c30000 - 0x00007ff8f2c3a000 	D:\Android Studio\jbr\bin\jimage.dll
0x00007ff8f4360000 - 0x00007ff8f45a2000 	C:\WINDOWS\SYSTEM32\DBGHELP.DLL
0x00007ff904210000 - 0x00007ff9042e8000 	C:\WINDOWS\System32\OLEAUT32.dll
0x00007ff8f08b0000 - 0x00007ff8f08eb000 	C:\WINDOWS\SYSTEM32\dbgcore.DLL
0x00007ff902500000 - 0x00007ff9025a5000 	C:\WINDOWS\System32\bcryptPrimitives.dll
0x00007ff8e81f0000 - 0x00007ff8e81fe000 	D:\Android Studio\jbr\bin\instrument.dll
0x00007ff8e29e0000 - 0x00007ff8e2a00000 	D:\Android Studio\jbr\bin\java.dll
0x00007ff8d7a80000 - 0x00007ff8d7a98000 	D:\Android Studio\jbr\bin\zip.dll
0x00007ff903770000 - 0x00007ff903868000 	C:\WINDOWS\System32\SHCORE.dll
0x00007ff901510000 - 0x00007ff901539000 	C:\WINDOWS\SYSTEM32\profapi.dll
0x00007ff8e6340000 - 0x00007ff8e6350000 	D:\Android Studio\jbr\bin\net.dll
0x00007ff8f83d0000 - 0x00007ff8f84fd000 	C:\WINDOWS\SYSTEM32\WINHTTP.dll
0x00007ff900880000 - 0x00007ff9008ec000 	C:\WINDOWS\system32\mswsock.dll
0x00007ff8d79d0000 - 0x00007ff8d79e6000 	D:\Android Studio\jbr\bin\nio.dll
0x00007ff8e2850000 - 0x00007ff8e2860000 	D:\Android Studio\jbr\bin\verify.dll
0x00007ff8eea40000 - 0x00007ff8eea67000 	C:\Users\LENOVO\.gradle\native\c067742578af261105cb4f569cf0c3c89f3d7b1fecec35dd04571415982c5e48\windows-amd64\native-platform.dll
0x00007ff8e5c10000 - 0x00007ff8e5d54000 	C:\Users\LENOVO\.gradle\native\100fb08df4bc3b14c8652ba06237920a3bd2aa13389f12d3474272988ae205f9\windows-amd64\native-platform-file-events.dll
0x00007ff8d98d0000 - 0x00007ff8d98d9000 	D:\Android Studio\jbr\bin\management.dll
0x00007ff8d7a70000 - 0x00007ff8d7a7b000 	D:\Android Studio\jbr\bin\management_ext.dll
0x00007ff903bc0000 - 0x00007ff903bc8000 	C:\WINDOWS\System32\PSAPI.DLL
0x00007ff900b60000 - 0x00007ff900b7b000 	C:\WINDOWS\SYSTEM32\CRYPTSP.dll
0x00007ff900270000 - 0x00007ff9002a9000 	C:\WINDOWS\system32\rsaenh.dll
0x00007ff900930000 - 0x00007ff900963000 	C:\WINDOWS\SYSTEM32\USERENV.dll
0x00007ff9014e0000 - 0x00007ff90150a000 	C:\WINDOWS\SYSTEM32\bcrypt.dll
0x00007ff900b80000 - 0x00007ff900b8c000 	C:\WINDOWS\SYSTEM32\CRYPTBASE.dll
0x00007ff8ffcf0000 - 0x00007ff8ffd22000 	C:\WINDOWS\SYSTEM32\IPHLPAPI.DLL
0x00007ff903760000 - 0x00007ff90376a000 	C:\WINDOWS\System32\NSI.dll
0x00007ff8e2310000 - 0x00007ff8e2319000 	D:\Android Studio\jbr\bin\extnet.dll
0x00007ff897c70000 - 0x00007ff897c78000 	C:\WINDOWS\system32\wshunix.dll

JVMTI agents:
C:\Users\LENOVO\.gradle\wrapper\dists\gradle-8.10.2-all\7iv73wktx1xtkvlq19urqw1wm\gradle-8.10.2\lib\agents\gradle-instrumentation-agent-8.10.2.jar path:D:\Android Studio\jbr\bin\instrument.dll, loaded, initialized, instrumentlib options:none

dbghelp: loaded successfully - version: 4.0.5 - missing functions: none
symbol engine: initialized successfully - sym options: 0x614 - pdb path: .;D:\Android Studio\jbr\bin;C:\WINDOWS\SYSTEM32;C:\WINDOWS\WinSxS\amd64_microsoft.windows.common-controls_6595b64144ccf1df_6.0.26100.8115_none_3e075c82e3354f9c;C:\Program Files (x86)\360\Total Security\safemon;D:\Android Studio\jbr\bin\server;C:\Users\LENOVO\.gradle\native\c067742578af261105cb4f569cf0c3c89f3d7b1fecec35dd04571415982c5e48\windows-amd64;C:\Users\LENOVO\.gradle\native\100fb08df4bc3b14c8652ba06237920a3bd2aa13389f12d3474272988ae205f9\windows-amd64

VM Arguments:
jvm_args: --add-opens=java.base/java.util=ALL-UNNAMED --add-opens=java.base/java.lang=ALL-UNNAMED --add-opens=java.base/java.lang.invoke=ALL-UNNAMED --add-opens=java.prefs/java.util.prefs=ALL-UNNAMED --add-exports=jdk.compiler/com.sun.tools.javac.api=ALL-UNNAMED --add-exports=jdk.compiler/com.sun.tools.javac.util=ALL-UNNAMED --add-opens=java.base/java.nio.charset=ALL-UNNAMED --add-opens=java.base/java.net=ALL-UNNAMED --add-opens=java.base/java.util.concurrent.atomic=ALL-UNNAMED -Xmx4096M -Dfile.encoding=UTF-8 -Duser.country=ID -Duser.language=en -Duser.variant -javaagent:C:\Users\LENOVO\.gradle\wrapper\dists\gradle-8.10.2-all\7iv73wktx1xtkvlq19urqw1wm\gradle-8.10.2\lib\agents\gradle-instrumentation-agent-8.10.2.jar 
java_command: org.gradle.launcher.daemon.bootstrap.GradleDaemon 8.10.2
java_class_path (initial): C:\Users\LENOVO\.gradle\wrapper\dists\gradle-8.10.2-all\7iv73wktx1xtkvlq19urqw1wm\gradle-8.10.2\lib\gradle-daemon-main-8.10.2.jar
Launcher Type: SUN_STANDARD

[Global flags]
     intx CICompilerCount                          = 4                                         {product} {ergonomic}
     uint ConcGCThreads                            = 2                                         {product} {ergonomic}
     uint G1ConcRefinementThreads                  = 8                                         {product} {ergonomic}
   size_t G1HeapRegionSize                         = 2097152                                   {product} {ergonomic}
    uintx GCDrainStackTargetSize                   = 64                                        {product} {ergonomic}
   size_t InitialHeapSize                          = 96468992                                  {product} {ergonomic}
   size_t MarkStackSize                            = 4194304                                   {product} {ergonomic}
   size_t MaxHeapSize                              = 4294967296                                {product} {command line}
   size_t MaxNewSize                               = 2575302656                                {product} {ergonomic}
   size_t MinHeapDeltaBytes                        = 2097152                                   {product} {ergonomic}
   size_t MinHeapSize                              = 8388608                                   {product} {ergonomic}
    uintx NonNMethodCodeHeapSize                   = 5839372                                {pd product} {ergonomic}
    uintx NonProfiledCodeHeapSize                  = 122909434                              {pd product} {ergonomic}
    uintx ProfiledCodeHeapSize                     = 122909434                              {pd product} {ergonomic}
    uintx ReservedCodeCacheSize                    = 251658240                              {pd product} {ergonomic}
     bool SegmentedCodeCache                       = true                                      {product} {ergonomic}
   size_t SoftMaxHeapSize                          = 4294967296                             {manageable} {ergonomic}
     bool UseCompressedOops                        = true                           {product lp64_product} {ergonomic}
     bool UseG1GC                                  = true                                      {product} {ergonomic}
     bool UseLargePagesIndividualAllocation        = false                                  {pd product} {ergonomic}

Logging:
Log output configuration:
 #0: stdout all=warning uptime,level,tags foldmultilines=false
 #1: stderr all=off uptime,level,tags foldmultilines=false

Release file:
JAVA_VERSION="21.0.9" 
MODULES="java.base java.compiler java.datatransfer java.xml java.prefs java.desktop java.instrument java.logging java.management java.security.sasl java.naming java.rmi java.management.rmi java.net.http java.scripting java.security.jgss java.transaction.xa java.sql java.sql.rowset java.xml.crypto java.se java.smartcardio jdk.accessibility jdk.internal.jvmstat jdk.attach jdk.charsets jdk.internal.opt jdk.zipfs jdk.compiler jdk.crypto.ec jdk.crypto.cryptoki jdk.dynalink jdk.hotspot.agent jdk.httpserver jdk.internal.ed jdk.internal.le jdk.internal.vm.ci jdk.jartool jdk.javadoc jdk.jcmd jdk.jdeps jdk.jdwp.agent jdk.jdi jdk.jfr jdk.jlink jdk.jsobject jdk.localedata jdk.management jdk.management.agent jdk.management.jfr jdk.naming.dns jdk.naming.rmi jdk.net jdk.sctp jdk.security.auth jdk.security.jgss jdk.unsupported jdk.unsupported.desktop jdk.xml.dom" 
IMPLEMENTOR="JetBrains s.r.o." 
JAVA_RUNTIME_VERSION="21.0.9+-14649483-b1163.86" 
LIBC="default" 
OS_ARCH="x86_64" 
OS_NAME="Windows" 
SOURCE=".:git:554d0c326095" 

Environment Variables:
PATH=C:\WINDOWS\system32;C:\WINDOWS;C:\WINDOWS\System32\Wbem;C:\WINDOWS\System32\WindowsPowerShell\v1.0\;C:\WINDOWS\System32\OpenSSH\;C:\Users\LENOVO\Downloads\php-8.4.13-nts-Win32-vs17-x64;C:\composer;C:\php-8.4.13;C:\Program Files\nodejs\;D:\Git\cmd;C:\Program Files\PostgreSQL\18\bin;C:\Users\LENOVO\AppData\Local\Microsoft\WindowsApps;C:\Users\LENOVO\AppData\Local\Programs\Microsoft VS Code\bin;C:\Users\LENOVO\AppData\Roaming\Composer\vendor\bin;C:\Users\LENOVO\AppData\Roaming\npm;C:\Program Files\PostgreSQL\18\bin;
USERNAME=LENOVO
OS=Windows_NT
PROCESSOR_IDENTIFIER=AMD64 Family 23 Model 160 Stepping 0, AuthenticAMD
TMP=C:\Users\LENOVO\AppData\Local\Temp
TEMP=C:\Users\LENOVO\AppData\Local\Temp




Periodic native trim disabled

JNI global refs:
JNI global refs: 29, weak refs: 7

JNI global refs memory usage: 835, weak refs: 833

Process memory usage:
Resident Set Size: 373012K (6% of 6018300K total physical memory with 93156K free physical memory)

OOME stack traces (most recent first):
Classloader memory used:
Loader org.gradle.internal.classloader.VisitableURLClassLoader                         : 85296K
Loader bootstrap                                                                       : 26735K
Loader org.gradle.initialization.MixInLegacyTypesClassLoader                           : 12394K
Loader jdk.internal.loader.ClassLoaders$PlatformClassLoader                            : 501K
Loader jdk.internal.jrtfs.JrtFileSystemProvider$JrtFsLoader                            : 329K
Loader jdk.internal.loader.ClassLoaders$AppClassLoader                                 : 234K
Loader org.gradle.internal.classloader.VisitableURLClassLoader                         : 229K
Loader jdk.internal.reflect.DelegatingClassLoader                                      : 153K
Loader org.gradle.groovy.scripts.internal.DefaultScriptCompilationHandler$ScriptClassLoader: 144K
Loader org.gradle.internal.classloader.VisitableURLClassLoader$InstrumentingVisitableURLClassLoader: 91392B
Loader org.codehaus.groovy.runtime.callsite.CallSiteClassLoader                        : 21008B

Classes loaded by more than one classloader:
Class Program                                                                         : loaded 3 times (x 72B)
Class jdk.internal.jimage.BasicImageReader                                            : loaded 2 times (x 95B)
Class org.gradle.internal.classloader.ClassLoaderHierarchy                            : loaded 2 times (x 70B)
Class ijKotlinCoroutineJvmDebugInit1_a7st5spn14idh9pi9uyiatum9$_run_closure1          : loaded 2 times (x 139B)
Class org.gradle.api.internal.classpath.ManifestUtil                                  : loaded 2 times (x 71B)
Class jdk.internal.jimage.decompressor.StringSharingDecompressorFactory               : loaded 2 times (x 74B)
Class org.gradle.internal.classloader.DefaultClassLoaderFactory                       : loaded 2 times (x 82B)
Class org.gradle.internal.classloader.ClassLoaderVisitor                              : loaded 2 times (x 76B)
Class org.gradle.api.internal.classpath.EffectiveClassPath                            : loaded 2 times (x 90B)
Class org.gradle.api.internal.DefaultClassPathProvider                                : loaded 2 times (x 76B)
Class [Lorg.gradle.api.internal.ClassPathProvider;                                    : loaded 2 times (x 69B)
Class org.gradle.api.internal.ClassPathProvider                                       : loaded 2 times (x 70B)
Class jdk.internal.jrtfs.SystemImage                                                  : loaded 2 times (x 74B)
Class org.gradle.internal.service.UnknownServiceException                             : loaded 2 times (x 83B)
Class ijKotlinCoroutineJvmDebugInit1_a7st5spn14idh9pi9uyiatum9$_run_closure1$_closure2: loaded 2 times (x 139B)
Class ijJvmDebugger1_38mkwnzutsk9yqchhvz9ywkb                                         : loaded 2 times (x 179B)
Class org.gradle.internal.classpath.TransformedClassPath                              : loaded 2 times (x 96B)
Class org.gradle.internal.classloader.InstrumentingClassLoader                        : loaded 2 times (x 70B)
Class jdk.internal.jrtfs.SystemImage$1                                                : loaded 2 times (x 78B)
Class jdk.internal.jrtfs.SystemImage$2                                                : loaded 2 times (x 76B)
Class org.gradle.internal.service.ServiceLocator                                      : loaded 2 times (x 70B)
Class jdk.internal.jrtfs.JrtFileSystemProvider                                        : loaded 2 times (x 101B)
Class Settings_gradle$1$1$1$1                                                         : loaded 2 times (x 74B)
Class jdk.internal.jimage.ImageLocation                                               : loaded 2 times (x 90B)
Class jdk.internal.jrtfs.JrtDirectoryStream$1                                         : loaded 2 times (x 83B)
Class org.gradle.internal.InternalTransformer                                         : loaded 2 times (x 70B)
Class jdk.internal.jimage.ImageBufferCache$1                                          : loaded 2 times (x 83B)
Class org.gradle.internal.classloader.ClasspathUtil$1                                 : loaded 2 times (x 76B)
Class jdk.internal.jimage.ImageBufferCache$2                                          : loaded 2 times (x 91B)
Class org.gradle.api.internal.classpath.DefaultModuleRegistry$DefaultModule           : loaded 2 times (x 86B)
Class org.gradle.api.internal.classpath.Module                                        : loaded 2 times (x 70B)
Class org.gradle.api.internal.classpath.UnknownModuleException                        : loaded 2 times (x 82B)
Class jdk.internal.jimage.ImageHeader                                                 : loaded 2 times (x 71B)
Class ijJvmDebugger1_38mkwnzutsk9yqchhvz9ywkb$_run_closure1                           : loaded 2 times (x 139B)
Class org.gradle.api.internal.DefaultClassPathRegistry                                : loaded 2 times (x 76B)
Class org.gradle.api.internal.ClassPathRegistry                                       : loaded 2 times (x 70B)
Class org.gradle.internal.classpath.DefaultClassPath$ImmutableUniqueList              : loaded 2 times (x 199B)
Class jdk.internal.jimage.decompressor.ResourceDecompressor                           : loaded 2 times (x 70B)
Class org.gradle.internal.classloader.FilteringClassLoader                            : loaded 2 times (x 105B)
Class Settings_gradle$1                                                               : loaded 2 times (x 75B)
Class org.gradle.internal.classpath.ClassPath                                         : loaded 2 times (x 70B)
Class org.gradle.api.UncheckedIOException                                             : loaded 2 times (x 82B)
Class jdk.internal.jimage.ImageStringsReader                                          : loaded 2 times (x 80B)
Class jdk.internal.jimage.ImageReader                                                 : loaded 2 times (x 75B)
Class jdk.internal.jimage.ImageReader$SharedImageReader                               : loaded 2 times (x 95B)
Class org.gradle.internal.installation.GradleInstallation$1                           : loaded 2 times (x 75B)
Class org.gradle.api.internal.classpath.ModuleRegistry                                : loaded 2 times (x 70B)
Class jdk.internal.jimage.decompressor.ResourceDecompressorFactory                    : loaded 2 times (x 74B)
Class jdk.internal.jimage.ImageReader$Node                                            : loaded 2 times (x 84B)
Class org.gradle.api.internal.classpath.DefaultModuleRegistry                         : loaded 2 times (x 86B)
Class jdk.internal.jimage.BasicImageReader$1                                          : loaded 2 times (x 77B)
Class jdk.internal.jimage.decompressor.Decompressor                                   : loaded 2 times (x 72B)
Class jdk.internal.jimage.ImageReader$Resource                                        : loaded 2 times (x 84B)
Class org.gradle.internal.service.ServiceLookupException                              : loaded 2 times (x 82B)
Class jdk.internal.jrtfs.JrtFileAttributes                                            : loaded 2 times (x 83B)
Class org.gradle.internal.classloader.ClassLoaderFactory                              : loaded 2 times (x 70B)
Class org.gradle.internal.service.CachingServiceLocator                               : loaded 2 times (x 82B)
Class jdk.internal.jimage.ImageBufferCache                                            : loaded 2 times (x 71B)
Class jdk.internal.jrtfs.JrtPath                                                      : loaded 2 times (x 118B)
Class org.gradle.internal.classloader.ClasspathUtil                                   : loaded 2 times (x 71B)
Class org.gradle.api.specs.Spec                                                       : loaded 2 times (x 70B)
Class jdk.internal.jimage.ImageReader$SharedImageReader$LocationVisitor               : loaded 2 times (x 70B)
Class jdk.internal.jimage.decompressor.ResourceDecompressorRepository                 : loaded 2 times (x 71B)
Class jdk.internal.jimage.ImageReader$Directory                                       : loaded 2 times (x 84B)
Class org.gradle.internal.classloader.VisitableURLClassLoader$InstrumentingVisitableURLClassLoader: loaded 2 times (x 123B)
Class org.gradle.internal.classloader.VisitableURLClassLoader$Spec                    : loaded 2 times (x 74B)
Class org.gradle.internal.classpath.DefaultClassPath                                  : loaded 2 times (x 90B)
Class jdk.internal.jimage.decompressor.ZipDecompressorFactory                         : loaded 2 times (x 74B)
Class org.gradle.internal.classloader.ClassLoaderSpec                                 : loaded 2 times (x 71B)
Class Settings_gradle$1$1                                                             : loaded 2 times (x 75B)
Class org.gradle.internal.classloader.VisitableURLClassLoader                         : loaded 2 times (x 117B)
Class Settings_gradle                                                                 : loaded 2 times (x 128B)
Class org.gradle.internal.Cast                                                        : loaded 2 times (x 71B)
Class org.gradle.api.Action                                                           : loaded 2 times (x 70B)
Class jdk.internal.jimage.decompressor.ZipDecompressor                                : loaded 2 times (x 75B)
Class org.gradle.internal.classpath.DefaultClassPath$ImmutableUniqueList$Builder      : loaded 2 times (x 75B)
Class org.gradle.api.GradleException                                                  : loaded 2 times (x 82B)
Class jdk.internal.jimage.ImageStrings                                                : loaded 2 times (x 70B)
Class org.gradle.internal.IoActions                                                   : loaded 2 times (x 71B)
Class org.gradle.internal.classloader.SystemClassLoaderSpec                           : loaded 2 times (x 71B)
Class ijKotlinCoroutineJvmDebugInit1_a7st5spn14idh9pi9uyiatum9                        : loaded 2 times (x 179B)
Class jdk.internal.jrtfs.JrtFileSystem                                                : loaded 2 times (x 102B)
Class jdk.internal.jimage.decompressor.CompressedResourceHeader                       : loaded 2 times (x 71B)
Class org.gradle.api.internal.classpath.GlobalCacheRootsProvider                      : loaded 2 times (x 70B)
Class Settings_gradle$1$1$1                                                           : loaded 2 times (x 74B)
Class Settings_gradle$1$1$2                                                           : loaded 2 times (x 75B)
Class org.gradle.internal.installation.CurrentGradleInstallationLocator               : loaded 2 times (x 71B)
Class org.gradle.internal.service.DefaultServiceLocator                               : loaded 2 times (x 83B)
Class jdk.internal.jrtfs.JrtDirectoryStream                                           : loaded 2 times (x 89B)
Class org.gradle.internal.installation.CurrentGradleInstallation                      : loaded 2 times (x 73B)
Class ijJvmDebugger1_38mkwnzutsk9yqchhvz9ywkb$_run_closure1$_closure2                 : loaded 2 times (x 140B)
Class org.gradle.util.internal.GUtil                                                  : loaded 2 times (x 71B)
Class org.gradle.internal.installation.GradleInstallation                             : loaded 2 times (x 75B)
Class jdk.internal.jimage.decompressor.ResourceDecompressor$StringsProvider           : loaded 2 times (x 70B)

---------------  S Y S T E M  ---------------

OS:
 Windows 11 , 64 bit Build 26100 (10.0.26100.8246)
OS uptime: 0 days 2:40 hours
Hyper-V role detected

CPU: total 8 (initial active 8) (8 cores per cpu, 2 threads per core) family 23 model 160 stepping 0 microcode 0x8a00006, cx8, cmov, fxsr, ht, mmx, 3dnowpref, sse, sse2, sse3, ssse3, sse4a, sse4.1, sse4.2, popcnt, lzcnt, tsc, tscinvbit, avx, avx2, aes, clmul, bmi1, bmi2, adx, sha, fma, vzeroupper, clflush, clflushopt, hv, rdtscp, rdpid, f16c
Processor Information for the first 8 processors :
  Max Mhz: 2801, Current Mhz: 2801, Mhz Limit: 2801

Memory: 4k page, system-wide physical 5877M (86M free)
TotalPageFile size 24309M (AvailPageFile size 1M)
current process WorkingSet (physical memory assigned to process): 328M, peak: 651M
current process commit charge ("private bytes"): 1055M, peak: 1059M

vm_info: OpenJDK 64-Bit Server VM (21.0.9+-14649483-b1163.86) for windows-amd64 JRE (21.0.9+-14649483-b1163.86), built on 2025-12-30T22:08:35Z by "builder" with MS VC++ 16.10 / 16.11 (VS2019)

END.
